date,tavg,tmin,tmax,prcp,snow,wdir,wspd,wpgt,pres,tsun
2014-01-01,28.1,23.1,,,,,,,,
2014-01-02,23,18,33.6,62,,,,,,
2014-01-03,20.3,13.8,28.3,15,,,,,,
2014-01-04,22.3,14.3,,0,,,,,,
2014-01-05,27.3,19.4,,,,,,,,
2014-01-06,29.5,24.2,,,,,,,,
2014-01-07,27.3,,35,,,,,,,
2014-01-08,23.3,17.6,28.5,,,,,,,
2014-01-09,26.2,21.2,,,,,,,,
2014-01-10,27.3,22,32.1,0.3,,,,,,
2014-01-11,22.6,16.5,32.6,0,,,,,,
2014-01-12,19.3,14.3,25.5,,,,,,,
2014-01-13,22.9,18.2,,,,,,,,
2014-01-14,25.2,21.6,,,,,,,,
2014-01-15,27.6,23.2,,,,,,,,
2014-01-16,30.1,25,,,,,,,,
2014-01-17,31,25,34.8,,,,,,,
2014-01-18,32.2,27.4,,,,,,,,
2014-01-19,27.8,21.5,38.4,2,,,,,,
2014-01-20,28.1,25,,0,,,,,,
2014-01-21,26.9,20.9,34.1,32,,,,,,
2014-01-22,26.9,20.9,,7.1,,,,,,
2014-01-23,31.8,26.7,,0,,,,,,
2014-01-24,22.4,16.7,37,50,,,,,,
2014-01-25,18,12,23.6,0,,,,,,
2014-01-26,21.4,17.4,,0,,,,,,
2014-01-27,24.8,21.4,,,,,,,,
2014-01-28,23.9,21.6,29.5,,,,,,,
2014-01-29,24.1,21.4,,37.1,,,,,,
2014-01-30,25.9,22.8,,0,,,,,,
2014-01-31,27.4,22.4,,,,,,,,
2014-02-01,24.1,21,34,0.5,,,,,,
2014-02-02,22.2,20.5,25.2,26.9,,,,,,
2014-02-03,21.6,18.9,25.5,14,,,,,,
2014-02-04,23.4,19.2,,1,,,,,,
2014-02-05,27.4,23.2,,0,,,,,,
2014-02-06,19.3,15.7,25.2,54.1,,,,,,
2014-02-07,22.2,17.4,,41.9,,,,,,
2014-02-08,25.8,21,,53.1,,,,,,
2014-02-09,23.4,20.8,33,29,,,,,,
2014-02-10,23.8,21.2,27.7,0,,,,,,
2014-02-11,22.8,,25.7,1,,,,,,
2014-02-12,23.1,17.9,,30,,,,,,
2014-02-13,22.7,20.1,28.2,0,,,,,,
2014-02-14,20.2,15.5,25,0.8,,,,,,
2014-02-15,20.8,,,0,,,,,,
2014-02-16,22.7,19.5,,,,,,,,
2014-02-17,24.1,21.4,,,,,,,,
2014-02-18,24.4,22.3,28.3,0,,,,,,
2014-02-19,24.6,22,29.4,3,,,,,,
2014-02-20,23.4,20.2,26.9,0,,,,,,
2014-02-21,23.1,19.9,28.1,,,,,,,
2014-02-22,23.4,19.4,29.4,,,,,,,
2014-02-23,23.4,17.5,27.5,,,,,,,
2014-02-24,24.1,18.8,,,,,,,,
2014-02-25,19.2,14.6,30.1,,,,,,,
2014-02-26,17.6,13.8,23,,,,,,,
2014-02-27,18.3,12.4,,,,,,,,
2014-02-28,20.1,14.6,24.8,,,,,,,
2014-03-01,21.3,17.8,24.7,,,,,,,
2014-03-02,20.8,15,25.2,,,,,,,
2014-03-03,21.8,20.1,26.2,,,,,,,
2014-03-04,21.6,18.5,,46,,,,,,
2014-03-05,22.7,18.4,,1,,,,,,
2014-03-06,22.4,19,29.7,0,,,,,,
2014-03-07,20.4,13,,,,,,,,
2014-03-08,22.2,16.1,28.3,,,,,,,
2014-03-09,22.1,18.6,27.5,,,,,,,
2014-03-10,18.4,14.4,26.4,1,,,,,,
2014-03-11,18.9,11,,0,,,,,,
2014-03-12,22.2,15.6,,,,,,,,
2014-03-13,23.5,19,28.9,,,,,,,
2014-03-14,22.2,21.2,28,,,,,,,
2014-03-15,21.6,,,,,,,,,
2014-03-16,22.1,16.3,,,,,,,,
2014-03-17,22.3,18.8,29.7,0,,,,,,
2014-03-18,16.5,11.8,25.6,,,,,,,
2014-03-19,17.2,13.6,21,15,,,,,,
2014-03-20,19.4,16.1,,0,,,,,,
2014-03-21,17.7,13,19.8,3,,,,,,
2014-03-22,14.8,8,,0,,,,,,
2014-03-23,17.2,11.8,,,,,,,,
2014-03-24,19.7,12.8,24.6,,,,,,,
2014-03-25,20.3,15.4,25.2,,,,,,,
2014-03-26,20.7,19,25.5,,,,,,,
2014-03-27,21.6,20.1,,0,,,,,,
2014-03-28,22.4,19,,11.9,,,,,,
2014-03-29,23.8,20,,0,,,,,,
2014-03-30,21.8,,29.2,19.1,,,,,,
2014-03-31,16.4,10.5,22.3,0,,,,,,
2014-04-01,19.1,13.9,,,,,,,,
2014-04-02,20.6,19,23.6,,,,,,,
2014-04-03,22.2,19.9,,,,,,,,
2014-04-04,23.8,20.6,,0.5,,,,,,
2014-04-05,21.7,,27.5,1,,,,,,
2014-04-06,22,19.8,,47,,,,,,
2014-04-07,22.4,21.8,24.1,0,,,,,,
2014-04-08,21.4,19.3,,61,,,,,,
2014-04-09,19.6,15.2,24.9,0,,,,,,
2014-04-10,17.6,13,25.2,,,,,,,
2014-04-11,16.3,12,24.3,,,,,,,
2014-04-12,15.3,,21,,,,,,,
2014-04-13,13.1,10.9,16.5,,,,,,,
2014-04-14,13.1,7.5,,,,,,,,
2014-04-15,14.9,10.5,,,,,,,,
2014-04-16,18.7,14.1,,,,,,,,
2014-04-17,18.5,14.5,24.2,,,,,,,
2014-04-18,14.4,7.6,24.4,,,,,,,
2014-04-19,14.7,8.8,,,,,,,,
2014-04-20,16.6,12,23.6,,,,,,,
2014-04-21,18.8,14.5,,,,,,,,
2014-04-22,15.5,10,24.7,,,,,,,
2014-04-23,15.4,10.2,,,,,,,,
2014-04-24,16.1,10.8,,,,,,,,
2014-04-25,16.8,15.6,23.1,,,,,,,
2014-04-26,16.2,13.5,,,,,,,,
2014-04-27,18.1,15,,,,,,,,
2014-04-28,19.3,15.5,,3,,,,,,
2014-04-29,16.8,15.4,23.5,0,,,,,,
2014-04-30,17.4,16,,14,,,,,,
2014-05-01,16.9,12.6,,0,,,,,,
2014-05-02,16.9,12.9,,,,,,,,
2014-05-03,19.1,14.1,22.9,,,,,,,
2014-05-04,17.3,13.5,19.2,0.5,,,,,,
2014-05-05,15.4,,19.4,0,,,,,,
2014-05-06,17,15,19.2,,,,,,,
2014-05-07,17.3,14.5,,,,,,,,
2014-05-08,15.3,11.9,21.8,,,,,,,
2014-05-09,15.4,11.6,,,,,,,,
2014-05-10,17.6,12.6,,,,,,,,
2014-05-11,16.6,14.7,21.6,4.1,,,,,,
2014-05-12,16.6,15.2,,7.1,,,,,,
2014-05-13,17,13.5,,1,,,,,,
2014-05-14,17.3,14,22.8,0,,,,,,
2014-05-15,17.9,14.9,20.7,52.1,,,,,,
2014-05-16,14.7,11.5,20.4,0,,,,,,
2014-05-17,14.6,9.5,18.2,3,,,,,,
2014-05-18,12.6,7.5,,0,,,,,,
2014-05-19,13.4,10.2,18.3,3,,,,,,
2014-05-20,12,9.6,17,0,,,,,,
2014-05-21,12.8,11.4,14.4,43.9,,,,,,
2014-05-22,11.2,9.4,14.3,20.1,,,,,,
2014-05-23,9.4,5.2,14,0.3,,,,,,
2014-05-24,10,5.2,,0,,,,,,
2014-05-25,11.9,7.2,,,,,,,,
2014-05-26,12.1,7.2,18.3,,,,,,,
2014-05-27,10.7,6,17.8,,,,,,,
2014-05-28,12.1,7.9,,,,,,,,
2014-05-29,14.2,10.6,,,,,,,,
2014-05-30,15.6,13.6,18.1,0,,,,,,
2014-05-31,15.1,,,0,,,,,,
2014-06-01,12.7,7,,,,,,,,
2014-06-02,13.3,8.2,21.1,,,,,,,
2014-06-03,14.5,10.8,21,,,,,,,
2014-06-04,14.3,11.7,19,,,,,,,
2014-06-05,12.5,8.2,,,,,,,,
2014-06-06,10.9,4.9,16.8,,,,,,,
2014-06-07,13.2,6.8,16.5,4.1,,,,,,
2014-06-08,10.2,4.4,,1,,,,,,
2014-06-09,14.2,6.6,,0,,,,,,
2014-06-10,13.7,9.4,20.2,,,,,,,
2014-06-11,14.6,12.5,19.5,1,,,,,,
2014-06-12,17.2,13,,20.1,,,,,,
2014-06-13,10.7,7,21,23.1,,,,,,
2014-06-14,7.8,3.5,14.7,0,,,,,,
2014-06-15,11.9,4,,,,,,,,
2014-06-16,13.9,10.4,,1,,,,,,
2014-06-17,9.3,5.4,18.8,0,,,,,,
2014-06-18,8.2,4.2,14.4,,,,,,,
2014-06-19,6.7,1.4,,,,,,,,
2014-06-20,10.8,2.2,,,,,,,,
2014-06-21,11.8,7.8,17.5,,,,,,,
2014-06-22,14.2,10.8,,0,,,,,,
2014-06-23,15.5,13.1,,0.3,,,,,,
2014-06-24,12.6,7.8,18.2,4.1,,,,,,
2014-06-25,10.6,7.1,17,0,,,,,,
2014-06-26,11.2,6.9,,,,,,,,
2014-06-27,10.4,5.5,,,,,,,,
2014-06-28,9.1,3.4,18,,,,,,,
2014-06-29,8.2,4.3,17.8,,,,,,,
2014-06-30,8.7,4.8,14.6,,,,,,,
2014-07-01,7.4,3.2,15,,,,,,,
2014-07-02,9.2,4.2,,,,,,,,
2014-07-03,12.6,4.2,,,,,,,,
2014-07-04,9.5,5.6,18.9,,,,,,,
2014-07-05,13.3,6.4,15.4,4.1,,,,,,
2014-07-06,,,,,,,,,,
2014-07-07,11.8,5.2,,0.3,,,,,,
2014-07-08,10.3,5.9,18.7,0,,,,,,
2014-07-09,10.7,6,,,,,,,,
2014-07-10,11.8,7.5,15.4,,,,,,,
2014-07-11,13.1,11.3,15.6,,,,,,,
2014-07-12,14.2,12.6,16,,,,,,,
2014-07-13,15.7,14.2,,52.1,,,,,,
2014-07-14,15.2,10.8,,0,,,,,,
2014-07-15,17.6,14.5,21.1,11.9,,,,,,
2014-07-16,12.2,8,17.8,1,,,,,,
2014-07-17,11.9,9.8,18,0,,,,,,
2014-07-18,11.6,7.6,,,,,,,,
2014-07-19,13.8,9,,,,,,,,
2014-07-20,15.9,10,22.2,,,,,,,
2014-07-21,15.6,11.6,21.8,,,,,,,
2014-07-22,15.5,13.1,21,38.1,,,,,,
2014-07-23,10.8,8.4,15.9,8.9,,,,,,
2014-07-24,9.1,3.2,,0,,,,,,
2014-07-25,9.6,5.3,,,,,,,,
2014-07-26,8.4,4.2,15.6,,,,,,,
2014-07-27,5.8,1.5,,,,,,,,
2014-07-28,11.1,3.8,,,,,,,,
2014-07-29,14.6,9.4,,,,,,,,
2014-07-30,16,9.5,,,,,,,,
2014-07-31,15.8,11.9,21.2,0,,,,,,
2014-08-01,17.8,15.2,,0,,,,,,
2014-08-02,18.2,14.6,,,,,,,,
2014-08-03,18.7,16,24,,,,,,,
2014-08-04,13.8,8,21.8,,,,,,,
2014-08-05,11.8,5.2,18.4,,,,,,,
2014-08-06,14,10.9,18.6,,,,,,,
2014-08-07,13.2,7.2,,0,,,,,,
2014-08-08,11.1,4.9,18.8,,,,,,,
2014-08-09,13.7,7,,,,,,,,
2014-08-10,15.2,11.1,19.8,,,,,,,
2014-08-11,10.3,5,19,,,,,,,
2014-08-12,10.4,5.5,,,,,,,,
2014-08-13,9.5,3.9,,,,,,,,
2014-08-14,11.8,5.8,17.3,,,,,,,
2014-08-15,13.3,8.6,18.8,,,,,,,
2014-08-16,14.6,10.4,,,,,,,,
2014-08-17,15.4,9.5,,,,,,,,
2014-08-18,20.2,13.8,,,,,,,,
2014-08-19,20.2,13.7,26.9,,,,,,,
2014-08-20,20,15.5,27,,,,,,,
2014-08-21,22.6,17.6,,,,,,,,
2014-08-22,22.5,18.8,30.6,,,,,,,
2014-08-23,21.9,17.7,,,,,,,,
2014-08-24,16.3,,29.7,7.1,,,,,,
2014-08-25,9.3,6.6,19.2,6.1,,,,,,
2014-08-26,9.2,7.1,,4.1,,,,,,
2014-08-27,9.3,4.5,,0,,,,,,
2014-08-28,9.1,5.1,15,,,,,,,
2014-08-29,12.6,6.5,,,,,,,,
2014-08-30,14.8,,,201.2,,,,,,
2014-08-31,17.3,10.5,,2,,,,,,
2014-09-01,14.2,10.6,24.3,0,,,,,,
2014-09-02,15.7,13,,9.9,,,,,,
2014-09-03,15.8,13.4,19.5,0,,,,,,
2014-09-04,17.3,15,,0,,,,,,
2014-09-05,16.6,14.6,19.7,17,,,,,,
2014-09-06,17.1,,,43.9,,,,,,
2014-09-07,15.9,10.2,,0,,,,,,
2014-09-08,18.5,12,,0,,,,,,
2014-09-09,18.2,,23.6,29,,,,,,
2014-09-10,13.6,6.8,,7.1,,,,,,
2014-09-11,14.2,8,,0,,,,,,
2014-09-12,15.1,9,,,,,,,,
2014-09-13,16,13,20.1,,,,,,,
2014-09-14,15.5,14,20,26.9,,,,,,
2014-09-15,15.3,10.2,,20.1,,,,,,
2014-09-16,13.6,6.9,21,0,,,,,,
2014-09-17,15.7,9.7,20,,,,,,,
2014-09-18,16.8,13.5,20.6,,,,,,,
2014-09-19,18.2,13.3,,,,,,,,
2014-09-20,17.7,13,,,,,,,,
2014-09-21,14.4,8.8,22.8,,,,,,,
2014-09-22,17.9,12.8,,,,,,,,
2014-09-23,16.5,13.6,22.9,,,,,,,
2014-09-24,15.1,8.2,,5.1,,,,,,
2014-09-25,17.4,14.1,23.6,0,,,,,,
2014-09-26,13.7,5.8,21.9,16,,,,,,
2014-09-27,13.7,6.5,20.1,0,,,,,,
2014-09-28,17.1,15,19.5,,,,,,,
2014-09-29,17,12,,,,,,,,
2014-09-30,18.1,15,,,,,,,,
2014-10-01,14.8,12.1,22.8,,,,,,,
2014-10-02,12.1,7.5,16.9,,,,,,,
2014-10-03,14.9,11.8,16.2,,,,,,,
2014-10-04,16.4,13.9,,5.1,,,,,,
2014-10-05,17.1,15,19.6,8.9,,,,,,
2014-10-06,17.3,14,,39.1,,,,,,
2014-10-07,19.1,12.8,,0,,,,,,
2014-10-08,21.6,17.1,27.4,,,,,,,
2014-10-09,20.6,,26.4,27.9,,,,,,
2014-10-10,13.3,8.5,22.4,7.1,,,,,,
2014-10-11,14.3,9.2,,0,,,,,,
2014-10-12,16.6,12.6,,,,,,,,
2014-10-13,18.6,13.6,,,,,,,,
2014-10-14,20.1,14.3,,,,,,,,
2014-10-15,22,17.6,26.6,,,,,,,
2014-10-16,24.4,20.6,,0,,,,,,
2014-10-17,20.4,16.3,29.3,,,,,,,
2014-10-18,21.2,19.8,24.5,,,,,,,
2014-10-19,20.7,14.5,,0.5,,,,,,
2014-10-20,18.1,12,26.8,0,,,,,,
2014-10-21,22.3,17.2,,,,,,,,
2014-10-22,25.3,19.5,,,,,,,,
2014-10-23,26.1,20.9,31.8,,,,,,,
2014-10-24,25.2,20.6,30.7,,,,,,,
2014-10-25,25.1,21.6,30.5,,,,,,,
2014-10-26,26,21.2,,,,,,,,
2014-10-27,27.8,23,,,,,,,,
2014-10-28,21.1,17.4,35.6,,,,,,,
2014-10-29,18.9,15.6,26,132.1,,,,,,
2014-10-30,18.7,13,,21.1,,,,,,
2014-10-31,19.1,16.1,26.1,0,,,,,,
2014-11-01,14.6,12.5,23.3,5.1,,,,,,
2014-11-02,13.3,10,16.7,7.1,,,,,,
2014-11-03,16.2,14.4,,98,,,,,,
2014-11-04,16,10,,43.9,,,,,,
2014-11-05,17.4,10.5,,0,,,,,,
2014-11-06,20.2,16,,,,,,,,
2014-11-07,21.5,15,,,,,,,,
2014-11-08,22.1,15.2,,,,,,,,
2014-11-09,22.1,17.2,29.4,,,,,,,
2014-11-10,23.1,19.5,29,,,,,,,
2014-11-11,23.3,17.5,28.3,2,,,,,,
2014-11-12,21.8,19,29.1,0,,,,,,
2014-11-13,17.3,9.5,24.8,,,,,,,
2014-11-14,21,14.4,,,,,,,,
2014-11-15,25.8,18.6,,,,,,,,
2014-11-16,24.1,19.5,34.5,,,,,,,
2014-11-17,24.1,19.2,,,,,,,,
2014-11-18,26.3,20.6,,,,,,,,
2014-11-19,22.7,,32.6,2,,,,,,
2014-11-20,20.3,15,26,30,,,,,,
2014-11-21,19.2,,26.1,0,,,,,,
2014-11-22,18.2,13.3,,14,,,,,,
2014-11-23,22.3,16.4,,0,,,,,,
2014-11-24,22.5,20.8,29.8,,,,,,,
2014-11-25,19.9,14.5,24.5,,,,,,,
2014-11-26,20.6,15.5,,,,,,,,
2014-11-27,21.5,14.2,,,,,,,,
2014-11-28,24.6,20.4,,,,,,,,
2014-11-29,24.9,19.5,,,,,,,,
2014-11-30,17.6,,30.5,72.9,,,,,,
2014-12-01,16.3,12.1,,4.1,,,,,,
2014-12-02,18.5,14.5,,0,,,,,,
2014-12-03,21.4,13.3,,,,,,,,
2014-12-04,25.1,18.5,,,,,,,,
2014-12-05,26.5,20.6,32,,,,,,,
2014-12-06,27.6,19.8,,,,,,,,
2014-12-07,24.1,,33.9,,,,,,,
2014-12-08,21.5,16.6,,,,,,,,
2014-12-09,25.2,19.5,,,,,,,,
2014-12-10,22.3,19,30.5,25.9,,,,,,
2014-12-11,19.1,14,25.2,0,,,,,,
2014-12-12,22.2,18,,,,,,,,
2014-12-13,24,,,,,,,,,
2014-12-14,19.7,14.2,31.4,14,,,,,,
2014-12-15,21.6,17.9,,0,,,,,,
2014-12-16,23.1,20,26.1,0.3,,,,,,
2014-12-17,25.6,19.8,,0,,,,,,
2014-12-18,23.8,16.9,31.8,0.5,,,,,,
2014-12-19,28.6,22.4,,0,,,,,,
2014-12-20,24.2,,34.5,5.1,,,,,,
2014-12-21,19.4,13.6,26.8,7.9,,,,,,
2014-12-22,19.2,12.3,24.9,0,,,,,,
2014-12-23,19.6,11.9,,,,,,,,
2014-12-24,23,16.9,,,,,,,,
2014-12-25,25.7,20.8,,,,,,,,
2014-12-26,25.4,,31.1,,,,,,,
2014-12-27,24.8,19.6,30.5,,,,,,,
2014-12-28,25.8,21.3,,,,,,,,
2014-12-29,28.4,23.6,,,,,,,,
2014-12-30,27.1,,34.4,,,,,,,
2014-12-31,24.7,,32.5,0,,,,,,
2015-01-01,20.8,17.5,25.5,10.9,,,,,,
2015-01-02,19.8,13.1,,,,,,,,
2015-01-03,21.7,13.5,,,,,,,,
2015-01-04,21.1,14.5,30,,,,,,,
2015-01-05,24.9,19.9,,,,,,,,
2015-01-06,25.9,20.9,32.9,5.1,,,,,,
2015-01-07,24.2,19.9,,0,,,,,,
2015-01-08,26.8,21,,,,,,,,
2015-01-09,28.1,24.8,,8.9,,,,,,
2015-01-10,26.5,19.5,34.5,24.9,,,,,,
2015-01-11,28.9,23.8,,0,,,,,,
2015-01-12,28.9,20.5,,,,,,,,
2015-01-13,23.9,,36.5,5.1,,,,,,
2015-01-14,23.2,18.7,,42.9,,,,,,
2015-01-15,22.4,17.5,28.6,13,,,,,,
2015-01-16,26.8,20.6,,0,,,,,,
2015-01-17,23.5,18.5,33,1,,,,,,
2015-01-18,22.1,19.2,27.9,0,,,,,,
2015-01-19,21.4,19.4,25.2,17,,,,,,
2015-01-20,20,14.7,24.2,7.9,,,,,,
2015-01-21,21.5,16.6,,0,,,,,,
2015-01-22,23.6,20,,,,,,,,
2015-01-23,24.9,21.5,28.2,,,,,,,
2015-01-24,25.6,20.8,,,,,,,,
2015-01-25,27.3,21.3,,,,,,,,
2015-01-26,28.6,23.6,,1,,,,,,
2015-01-27,29.6,26,34.2,0,,,,,,
2015-01-28,24.3,,35.6,24.9,,,,,,
2015-01-29,19.6,14,,31,,,,,,
2015-01-30,20.5,16.4,25.1,0,,,,,,
2015-01-31,23.2,18.8,,,,,,,,
2015-02-01,25.1,21.4,,,,,,,,
2015-02-02,25.9,22.5,,,,,,,,
2015-02-03,25.3,23,30.5,,,,,,,
2015-02-04,25.8,23.5,,,,,,,,
2015-02-05,26.3,22.8,30.4,0.3,,,,,,
2015-02-06,26.9,23,31.1,0,,,,,,
2015-02-07,27.2,22.6,31.9,,,,,,,
2015-02-08,27.1,23.2,31.5,,,,,,,
2015-02-09,26.4,20.1,32.1,0.3,,,,,,
2015-02-10,23.8,19.1,33.4,6.1,,,,,,
2015-02-11,24.9,17.9,,0,,,,,,
2015-02-12,26.9,21,,,,,,,,
2015-02-13,21.2,15,34.4,,,,,,,
2015-02-14,22.3,19.2,25.5,,,,,,,
2015-02-15,23.1,20.2,26.5,,,,,,,
2015-02-16,24.4,20.5,,,,,,,,
2015-02-17,25.7,21.8,,,,,,,,
2015-02-18,23.9,,30.8,,,,,,,
2015-02-19,19.9,15.5,,24.9,,,,,,
2015-02-20,18.6,11.9,24.4,0,,,,,,
2015-02-21,21.1,16.4,,3,,,,,,
2015-02-22,24.7,18.4,,0,,,,,,
2015-02-23,26.4,20,,,,,,,,
2015-02-24,28.2,23.6,,,,,,,,
2015-02-25,25.2,22.8,33.2,,,,,,,
2015-02-26,23.7,20.5,,0,,,,,,
2015-02-27,24,20.3,,3,,,,,,
2015-02-28,20.2,13.8,29.4,0,,,,,,
2015-03-01,22.4,20.2,25,,,,,,,
2015-03-02,22.9,17.4,,,,,,,,
2015-03-03,23.8,19.6,31.3,0,,,,,,
2015-03-04,23.8,20.6,,13,,,,,,
2015-03-05,23.6,18.6,28.5,0,,,,,,
2015-03-06,24.9,20.4,,,,,,,,
2015-03-07,25.2,19.8,29.8,,,,,,,
2015-03-08,25.2,20.5,29.8,,,,,,,
2015-03-09,25.7,20.9,30.1,,,,,,,
2015-03-10,26.4,23.1,,,,,,,,
2015-03-11,26.6,21.6,30.9,,,,,,,
2015-03-12,26.7,22,,,,,,,,
2015-03-13,26.8,21.9,31.5,,,,,,,
2015-03-14,24.9,21.7,31.3,,,,,,,
2015-03-15,22.1,17.4,27.6,,,,,,,
2015-03-16,24.5,20.4,,,,,,,,
2015-03-17,27.2,23,,,,,,,,
2015-03-18,26.8,22.2,32.9,,,,,,,
2015-03-19,25.7,20.7,31,,,,,,,
2015-03-20,25.9,20,,,,,,,,
2015-03-21,18.2,10.6,32.7,,,,,,,
2015-03-22,17.1,12,24,,,,,,,
2015-03-23,18.3,13.5,,,,,,,,
2015-03-24,19.4,13.5,,,,,,,,
2015-03-25,17.7,15,22.6,0.5,,,,,,
2015-03-26,16.7,10.5,,3,,,,,,
2015-03-27,17.3,10.2,22.3,0,,,,,,
2015-03-28,18.9,12,23.8,,,,,,,
2015-03-29,21.3,14.9,,,,,,,,
2015-03-30,22.9,16.2,28.6,,,,,,,
2015-03-31,21.3,14.2,28.8,,,,,,,
2015-04-01,21.8,16,27.8,,,,,,,
2015-04-02,23.8,16.2,,,,,,,,
2015-04-03,24.5,18.8,,,,,,,,
2015-04-04,22.8,19,31.8,5.1,,,,,,
2015-04-05,21.1,16.2,,0,,,,,,
2015-04-06,16,9.8,26,,,,,,,
2015-04-07,19,13.9,,,,,,,,
2015-04-08,20.4,15.9,,,,,,,,
2015-04-09,21,13.4,,,,,,,,
2015-04-10,23.5,16.6,,,,,,,,
2015-04-11,20.7,17.8,32.5,7.9,,,,,,
2015-04-12,20.3,17,,0,,,,,,
2015-04-13,23.9,18.4,,,,,,,,
2015-04-14,23.4,19,30.3,,,,,,,
2015-04-15,21.5,19.7,25.6,,,,,,,
2015-04-16,21.3,18,,0.3,,,,,,
2015-04-17,19.3,15.6,25.8,29,,,,,,
2015-04-18,18.3,10.8,,0,,,,,,
2015-04-19,21,14.8,,,,,,,,
2015-04-20,19.9,14,27.9,,,,,,,
2015-04-21,17.3,9.9,24.7,,,,,,,
2015-04-22,16.8,9.6,24.3,,,,,,,
2015-04-23,17.7,10.8,,,,,,,,
2015-04-24,19.5,13,,,,,,,,
2015-04-25,21.7,16.7,,,,,,,,
2015-04-26,21.9,15.9,28.5,,,,,,,
2015-04-27,20.3,16,27.5,,,,,,,
2015-04-28,19.7,17.8,25.9,,,,,,,
2015-04-29,16.9,,22.3,,,,,,,
2015-04-30,17.6,14.2,,27.9,,,,,,
2015-05-01,18.8,16.4,21.6,0,,,,,,
2015-05-02,18.2,15.5,,14,,,,,,
2015-05-03,12.8,,22,0,,,,,,
2015-05-04,13.1,5.8,,,,,,,,
2015-05-05,15.8,8.7,,,,,,,,
2015-05-06,13.7,9.9,23.2,,,,,,,
2015-05-07,11,6.7,16.7,,,,,,,
2015-05-08,14.3,9,,,,,,,,
2015-05-09,14.3,9.8,,,,,,,,
2015-05-10,16.6,11.8,21.5,7.9,,,,,,
2015-05-11,14.9,10.9,19.3,0,,,,,,
2015-05-12,16.9,12.6,20.1,,,,,,,
2015-05-13,16.9,14.2,20.9,,,,,,,
2015-05-14,17.7,13,,,,,,,,
2015-05-15,18.7,13.9,24.1,,,,,,,
2015-05-16,20.2,15.6,,,,,,,,
2015-05-17,21.1,17,25.9,,,,,,,
2015-05-18,21.9,19.2,25.3,,,,,,,
2015-05-19,21.4,18.2,26,,,,,,,
2015-05-20,21.8,18.6,,,,,,,,
2015-05-21,22.1,18.7,,,,,,,,
2015-05-22,22.6,19.2,27.5,,,,,,,
2015-05-23,20.1,,27.1,,,,,,,
2015-05-24,13.7,9.1,20.5,,,,,,,
2015-05-25,12.3,7,,,,,,,,
2015-05-26,12.1,8.8,19.7,0.5,,,,,,
2015-05-27,13.7,9.5,,8.9,,,,,,
2015-05-28,14.3,10,19,0,,,,,,
2015-05-29,14.4,11.1,17.6,,,,,,,
2015-05-30,13.4,9.2,,0,,,,,,
2015-05-31,13.9,10,,,,,,,,
2015-06-01,16.5,11.2,,,,,,,,
2015-06-02,16.9,12.4,,,,,,,,
2015-06-03,18.1,12.9,22.9,,,,,,,
2015-06-04,14.6,9.7,23.6,,,,,,,
2015-06-05,18.8,13.6,,,,,,,,
2015-06-06,20.4,19,24,0,,,,,,
2015-06-07,15.4,10.8,23.6,0,,,,,,
2015-06-08,12.8,8,22.2,,,,,,,
2015-06-09,15.2,10,18.9,,,,,,,
2015-06-10,11.7,7.8,15.9,0,,,,,,
2015-06-11,10.1,5.5,,,,,,,,
2015-06-12,9.5,4,,,,,,,,
2015-06-13,10.8,6,18,,,,,,,
2015-06-14,11.3,5.8,16.6,2,,,,,,
2015-06-15,9.9,3.5,17.2,0,,,,,,
2015-06-16,12.9,4.2,,,,,,,,
2015-06-17,12.4,7.4,20.6,,,,,,,
2015-06-18,7.2,2.2,16.8,,,,,,,
2015-06-19,6,1.4,12.3,,,,,,,
2015-06-20,10.1,5,,,,,,,,
2015-06-21,9.3,3.5,16.9,,,,,,,
2015-06-22,9.4,4.8,17.5,,,,,,,
2015-06-23,6.7,1.2,12.4,,,,,,,
2015-06-24,9.6,3.5,,,,,,,,
2015-06-25,14.9,7.5,,,,,,,,
2015-06-26,16.6,11.5,,,,,,,,
2015-06-27,16.6,13.6,20.5,0,,,,,,
2015-06-28,16.6,,19,34,,,,,,
2015-06-29,17.1,15.2,,31,,,,,,
2015-06-30,14.9,10,21,2,,,,,,
2015-07-01,10.6,7.5,19,0,,,,,,
2015-07-02,12.6,9.8,,,,,,,,
2015-07-03,10.8,9.2,15.5,0.3,,,,,,
2015-07-04,7.7,3,,0,,,,,,
2015-07-05,9.3,3.2,,0,,,,,,
2015-07-06,12.2,7,,,,,,,,
2015-07-07,9.9,5.9,17.9,,,,,,,
2015-07-08,10.2,6,17.7,,,,,,,
2015-07-09,13.4,7.1,17.4,,,,,,,
2015-07-10,14.2,11.4,17.6,,,,,,,
2015-07-11,13.2,11.7,17.3,,,,,,,
2015-07-12,14.4,12.4,,,,,,,,
2015-07-13,12,9.5,17.4,7.9,,,,,,
2015-07-14,9.6,5.6,,0,,,,,,
2015-07-15,7.9,1.7,16,,,,,,,
2015-07-16,10.3,3.8,16.1,,,,,,,
2015-07-17,10.9,4.7,,,,,,,,
2015-07-18,13.3,6.3,16.8,,,,,,,
2015-07-19,14.2,10.3,16.5,,,,,,,
2015-07-20,10.2,7,16.9,,,,,,,
2015-07-21,7.1,2.4,13.6,,,,,,,
2015-07-22,10.3,4,,,,,,,,
2015-07-23,9.6,5.8,17.5,,,,,,,
2015-07-24,10.4,5.5,,,,,,,,
2015-07-25,12.1,6.6,18.5,,,,,,,
2015-07-26,14.7,11.2,,,,,,,,
2015-07-27,16.1,12.4,,,,,,,,
2015-07-28,19.3,13,,,,,,,,
2015-07-29,16.9,13.7,27.2,,,,,,,
2015-07-30,15.3,13.3,17.8,,,,,,,
2015-07-31,17.1,15.1,19.1,49,,,,,,
2015-08-01,12.3,7.8,17.8,11.9,,,,,,
2015-08-02,15.4,11.4,,3,,,,,,
2015-08-03,15.1,10.5,,0,,,,,,
2015-08-04,12.6,8.9,20.9,,,,,,,
2015-08-05,15,12.4,,,,,,,,
2015-08-06,18.1,14.2,,85.1,,,,,,
2015-08-07,17.7,,20.5,40.9,,,,,,
2015-08-08,15.2,12.9,18.6,7.1,,,,,,
2015-08-09,17.8,13.5,20.1,3,,,,,,
2015-08-10,13.4,11,19.4,85.1,,,,,,
2015-08-11,12.4,10,,3,,,,,,
2015-08-12,11.4,10.3,15.8,0,,,,,,
2015-08-13,12.8,10.3,,13,,,,,,
2015-08-14,10.8,10,14.9,9.9,,,,,,
2015-08-15,11.9,7.5,,0.5,,,,,,
2015-08-16,11.6,7.1,17.9,0,,,,,,
2015-08-17,14.4,10.2,16.8,,,,,,,
2015-08-18,15.5,10.2,,,,,,,,
2015-08-19,12.2,9,22.6,,,,,,,
2015-08-20,11.8,8.6,,,,,,,,
2015-08-21,15.2,10.2,,,,,,,,
2015-08-22,17.1,14,,,,,,,,
2015-08-23,12.3,9.6,20.6,,,,,,,
2015-08-24,9.8,6.2,14.1,,,,,,,
2015-08-25,13.7,9.2,,,,,,,,
2015-08-26,17.6,12,,3,,,,,,
2015-08-27,16.3,11,22.8,0.3,,,,,,
2015-08-28,16.9,11.3,,0,,,,,,
2015-08-29,20.3,15.6,,,,,,,,
2015-08-30,19.1,13.4,26.2,,,,,,,
2015-08-31,19.5,16,24.6,,,,,,,
2015-09-01,10.3,6.2,25.1,,,,,,,
2015-09-02,12.2,8.7,,,,,,,,
2015-09-03,12.9,9.8,,,,,,,,
2015-09-04,13.5,7.5,,,,,,,,
2015-09-05,15.2,8.1,21.4,,,,,,,
2015-09-06,16.4,11.6,22.7,,,,,,,
2015-09-07,15.4,12,22.1,,,,,,,
2015-09-08,16.7,11.1,,0,,,,,,
2015-09-09,12.4,,23.3,,,,,,,
2015-09-10,9.8,5.4,,17,,,,,,
2015-09-11,8.4,3.4,16.3,0,,,,,,
2015-09-12,10.9,3.4,,,,,,,,
2015-09-13,15.1,9.4,,,,,,,,
2015-09-14,16.3,9.2,,,,,,,,
2015-09-15,21,16.2,,,,,,,,
2015-09-16,14.5,6.9,28,,,,,,,
2015-09-17,14.4,10.6,,,,,,,,
2015-09-18,13.7,8.3,18.4,,,,,,,
2015-09-19,15.8,11.5,,,,,,,,
2015-09-20,16.3,11.2,21.6,,,,,,,
2015-09-21,15.2,,19.4,0,,,,,,
2015-09-22,12.7,11.4,15.9,5.1,,,,,,
2015-09-23,13.9,11.4,14.4,2,,,,,,
2015-09-24,14.4,12.4,,7.9,,,,,,
2015-09-25,13.8,11.5,16.4,0.8,,,,,,
2015-09-26,14.8,10.2,18.9,0.3,,,,,,
2015-09-27,15.2,8.9,,0,,,,,,
2015-09-28,16.3,14,24.6,,,,,,,
2015-09-29,14.9,9.8,,0.8,,,,,,
2015-09-30,13.2,7.8,21.4,0,,,,,,
2015-10-01,16.2,13.2,,,,,,,,
2015-10-02,12.9,10.9,20.8,33,,,,,,
2015-10-03,9,3.4,,0,,,,,,
2015-10-04,11.6,7.3,,,,,,,,
2015-10-05,15.3,10.2,,,,,,,,
2015-10-06,16.8,14.8,20.4,,,,,,,
2015-10-07,16.1,12.1,19.8,,,,,,,
2015-10-08,16.3,11.8,,,,,,,,
2015-10-09,12.7,9.6,22.5,,,,,,,
2015-10-10,11.7,8.4,16.5,,,,,,,
2015-10-11,12.1,9.2,14.6,0,,,,,,
2015-10-12,13.8,10.4,,2,,,,,,
2015-10-13,16.3,12.4,,0,,,,,,
2015-10-14,17.9,15,22.5,,,,,,,
2015-10-15,15.8,13,21.4,15,,,,,,
2015-10-16,12.9,7.4,19.1,0,,,,,,
2015-10-17,13.1,8,19.1,,,,,,,
2015-10-18,14.1,8.3,,,,,,,,
2015-10-19,16.8,12.4,20.4,,,,,,,
2015-10-20,16.8,13.8,,15,,,,,,
2015-10-21,18.2,12.6,,0,,,,,,
2015-10-22,20.3,16,24.9,,,,,,,
2015-10-23,13.7,8.3,26.2,,,,,,,
2015-10-24,12,7.4,18.5,,,,,,,
2015-10-25,15.8,12.2,,0,,,,,,
2015-10-26,18.7,15.4,,,,,,,,
2015-10-27,19.1,14.6,,0.5,,,,,,
2015-10-28,20.4,17.2,,0,,,,,,
2015-10-29,20.1,,26.2,2,,,,,,
2015-10-30,17.4,14.5,22.6,16,,,,,,
2015-10-31,14.2,8.8,21.4,0,,,,,,
2015-11-01,16.2,13.4,20.1,,,,,,,
2015-11-02,16.8,13.6,20,,,,,,,
2015-11-03,18.1,13.6,,,,,,,,
2015-11-04,17.3,13.1,22.2,,,,,,,
2015-11-05,16.9,9.8,,,,,,,,
2015-11-06,19.2,12.8,,,,,,,,
2015-11-07,22.1,15.8,,,,,,,,
2015-11-08,22.6,18.5,27.9,,,,,,,
2015-11-09,22.3,18.5,27.8,,,,,,,
2015-11-10,21.5,17.4,29.1,14,,,,,,
2015-11-11,22.4,17,28.4,0,,,,,,
2015-11-12,20.1,,26.4,,,,,,,
2015-11-13,18.7,14.8,22.4,81,,,,,,
2015-11-14,20.7,13.6,,0,,,,,,
2015-11-15,24.5,20,29,,,,,,,
2015-11-16,24.4,21,29.7,,,,,,,
2015-11-17,21.8,19,28.3,33,,,,,,
2015-11-18,19.3,17.5,24.2,1,,,,,,
2015-11-19,16.3,,21.5,2,,,,,,
2015-11-20,14.9,9.2,,26.9,,,,,,
2015-11-21,18.8,13.6,,0,,,,,,
2015-11-22,20.7,14.6,,,,,,,,
2015-11-23,19.8,17.6,26.4,,,,,,,
2015-11-24,19.6,16.2,23.2,,,,,,,
2015-11-25,20.8,17.5,,,,,,,,
2015-11-26,21,18,24.6,,,,,,,
2015-11-27,20.4,17.6,23.3,65,,,,,,
2015-11-28,19.9,14,,7.9,,,,,,
2015-11-29,20.3,11.6,,0,,,,,,
2015-11-30,23.4,16.6,,,,,,,,
2015-12-01,25.1,20,31,,,,,,,
2015-12-02,24.9,19.5,29.9,,,,,,,
2015-12-03,23.1,20,28.2,,,,,,,
2015-12-04,22.6,20,28.4,19.1,,,,,,
2015-12-05,22.4,18.3,27.3,0,,,,,,
2015-12-06,17.4,10.6,26.9,,,,,,,
2015-12-07,19.7,14.9,,,,,,,,
2015-12-08,24.5,18.6,,,,,,,,
2015-12-09,22.4,17.6,30.5,6.1,,,,,,
2015-12-10,26.4,19,,0,,,,,,
2015-12-11,27.4,20.8,34.2,,,,,,,
2015-12-12,27.6,24.4,34.4,,,,,,,
2015-12-13,26.7,20.2,32.7,0,,,,,,
2015-12-14,24.9,19.1,33,7.1,,,,,,
2015-12-15,22.8,17,28.5,0,,,,,,
2015-12-16,23.9,19.4,,,,,,,,
2015-12-17,24.8,20.4,31,2,,,,,,
2015-12-18,23.1,18.8,28.3,2,,,,,,
2015-12-19,20.1,14.2,28.4,0,,,,,,
2015-12-20,21.8,18.4,26.5,,,,,,,
2015-12-21,24.8,20.6,,0.3,,,,,,
2015-12-22,23.2,19.8,30.2,2,,,,,,
2015-12-23,23.6,19.5,,17,,,,,,
2015-12-24,23.8,19.8,30.1,0,,,,,,
2015-12-25,25.4,21.4,30,,,,,,,
2015-12-26,26.6,22.6,30.5,,,,,,,
2015-12-27,28.1,23.4,,,,,,,,
2015-12-28,29.9,23.6,,,,,,,,
2015-12-29,29.2,25,34.4,,,,,,,
2015-12-30,27.1,23.8,34,,,,,,,
2015-12-31,26.3,23.2,32,,,,,,,
2016-01-01,25.4,22.4,29.2,0,,,,,,
2016-01-02,26.5,20.8,,18,,,,,,
2016-01-03,25.8,23.2,31,0,,,,,,
2016-01-04,26.4,24.2,,,,,,,,
2016-01-05,26.6,22.5,,1,,,,,,
2016-01-06,23.2,17,32.2,0,,,,,,
2016-01-07,23,16.6,30,,,,,,,
2016-01-08,24.7,21.6,29,0,,,,,,
2016-01-09,23.2,20,29,,,,,,,
2016-01-10,23.3,20,28.4,,,,,,,
2016-01-11,24.9,20,,2,,,,,,
2016-01-12,26.6,24,,0,,,,,,
2016-01-13,24.4,19,31.4,0,,,,,,
2016-01-14,27,21.4,,,,,,,,
2016-01-15,27.4,22,,,,,,,,
2016-01-16,25.5,21,34,,,,,,,
2016-01-17,29.1,23.8,,,,,,,,
2016-01-18,25.9,21,35.8,,,,,,,
2016-01-19,25,21.7,29,,,,,,,
2016-01-20,26,22.5,30,,,,,,,
2016-01-21,25.8,23.7,30.2,0,,,,,,
2016-01-22,29.8,24.7,,,,,,,,
2016-01-23,26.7,21.6,37.5,4.1,,,,,,
2016-01-24,27.4,21.8,,0,,,,,,
2016-01-25,26.5,20,37.6,7.1,,,,,,
2016-01-26,24.6,20.8,32.8,0,,,,,,
2016-01-27,22.6,17,29.1,,,,,,,
2016-01-28,24.6,21.4,,,,,,,,
2016-01-29,25,23.8,30.7,0,,,,,,
2016-01-30,24.5,21.2,29,3,,,,,,
2016-01-31,22.3,18.4,29.3,0,,,,,,
2016-02-01,21.2,15.5,27.2,,,,,,,
2016-02-02,24.2,19.8,,,,,,,,
2016-02-03,24.4,22.8,29.7,,,,,,,
2016-02-04,27.1,22.4,,,,,,,,
2016-02-05,28.1,23.8,,,,,,,,
2016-02-06,27.6,24.4,34,,,,,,,
2016-02-07,27.3,,32.6,,,,,,,
2016-02-08,25,22.6,32,39.9,,,,,,
2016-02-09,26.5,19.8,,9.9,,,,,,
2016-02-10,26.9,22.9,35.6,0,,,,,,
2016-02-11,27.2,22.8,,,,,,,,
2016-02-12,30.4,25.8,,,,,,,,
2016-02-13,26.7,22.2,35.4,45,,,,,,
2016-02-14,26.2,19,31.9,0,,,,,,
2016-02-15,27,21.9,,,,,,,,
2016-02-16,28.6,24,33.4,,,,,,,
2016-02-17,26.9,19.7,33.5,39.1,,,,,,
2016-02-18,26.5,,,0,,,,,,
2016-02-19,23.4,,32.7,31,,,,,,
2016-02-20,22.3,17.6,,3,,,,,,
2016-02-21,25.8,22.2,,0,,,,,,
2016-02-22,26.8,23.5,30.8,,,,,,,
2016-02-23,27.4,23,,,,,,,,
2016-02-24,29,22.4,,,,,,,,
2016-02-25,23.7,18.1,34.7,,,,,,,
2016-02-26,22.5,,27.2,7.1,,,,,,
2016-02-27,21.4,13.6,,15,,,,,,
2016-02-28,23.5,17.7,,0,,,,,,
2016-02-29,24.1,18,30.6,,,,,,,
2016-03-01,21.3,20,28.8,4.1,,,,,,
2016-03-02,20.4,18.2,22.4,0,,,,,,
2016-03-03,22.1,19.2,,,,,,,,
2016-03-04,22.6,19.7,26,,,,,,,
2016-03-05,20.8,17.2,27.8,3,,,,,,
2016-03-06,18.4,12,25.2,0,,,,,,
2016-03-07,19.1,13.1,24,,,,,,,
2016-03-08,21,15.4,,,,,,,,
2016-03-09,22,,27,,,,,,,
2016-03-10,17.4,14.7,24.7,,,,,,,
2016-03-11,19,14.1,,0.3,,,,,,
2016-03-12,18.4,14.2,24.6,0,,,,,,
2016-03-13,19.6,15.9,,,,,,,,
2016-03-14,20.7,15.4,,,,,,,,
2016-03-15,23.7,18,,,,,,,,
2016-03-16,26.1,22,,,,,,,,
2016-03-17,27.5,22.9,,,,,,,,
2016-03-18,23.6,19.2,33.3,27.9,,,,,,
2016-03-19,17.4,11.8,26.7,1,,,,,,
2016-03-20,18.4,14.9,22,0,,,,,,
2016-03-21,18.2,15.8,21.8,10.9,,,,,,
2016-03-22,19.7,14,,0,,,,,,
2016-03-23,23.1,,,,,,,,,
2016-03-24,20.9,15.4,26.6,,,,,,,
2016-03-25,17.2,14.4,27.1,,,,,,,
2016-03-26,18.7,16.1,,,,,,,,
2016-03-27,20.4,17.5,,,,,,,,
2016-03-28,21.5,16.8,,,,,,,,
2016-03-29,21.7,14.8,,,,,,,,
2016-03-30,22.8,16.7,29.9,,,,,,,
2016-03-31,23.9,20,27.9,,,,,,,
2016-04-01,22.2,,28.8,,,,,,,
2016-04-02,21.2,19.4,,52.1,,,,,,
2016-04-03,20.4,17.5,24.1,9.9,,,,,,
2016-04-04,19.6,,24.6,1,,,,,,
2016-04-05,19.8,18,,27.9,,,,,,
2016-04-06,19.5,17.3,,15,,,,,,
2016-04-07,18.7,14.6,22.8,0,,,,,,
2016-04-08,20.1,17.6,23.1,2,,,,,,
2016-04-09,18.6,15.5,22.3,7.9,,,,,,
2016-04-10,16.2,13.9,20.9,4.1,,,,,,
2016-04-11,16.4,12.9,,1,,,,,,
2016-04-12,18.4,14.1,22,0,,,,,,
2016-04-13,18.9,16.2,,6.1,,,,,,
2016-04-14,19.6,16.1,,2,,,,,,
2016-04-15,21.7,16.8,25.2,4.1,,,,,,
2016-04-16,21.8,20.6,22.5,27.9,,,,,,
2016-04-17,17.7,,24.8,0,,,,,,
2016-04-18,15.3,13,,7.9,,,,,,
2016-04-19,16.8,14.2,17.7,33,,,,,,
2016-04-20,15.1,11,,3,,,,,,
2016-04-21,17.5,13,,0,,,,,,
2016-04-22,16.2,11,25,,,,,,,
2016-04-23,18.7,17,20.9,0.5,,,,,,
2016-04-24,17.6,16,22,0,,,,,,
2016-04-25,12.4,11,20.9,30,,,,,,
2016-04-26,10.6,6.7,,0.8,,,,,,
2016-04-27,8.8,4.6,14.7,0,,,,,,
2016-04-28,9.6,4.5,,,,,,,,
2016-04-29,10.8,7.2,,,,,,,,
2016-04-30,9.7,5,16.6,,,,,,,
2016-05-01,11.4,6.6,,,,,,,,
2016-05-02,13.9,10.4,18.2,,,,,,,
2016-05-03,12.7,8,19.8,,,,,,,
2016-05-04,12.1,7,,,,,,,,
2016-05-05,14.1,10.6,19.1,,,,,,,
2016-05-06,13.3,12.4,18.5,3,,,,,,
2016-05-07,11.6,9.4,,0,,,,,,
2016-05-08,14.3,10.4,,,,,,,,
2016-05-09,16,12,,,,,,,,
2016-05-10,15.2,14.2,19.9,,,,,,,
2016-05-11,12.8,7.9,17.6,0,,,,,,
2016-05-12,11.3,7,15.8,,,,,,,
2016-05-13,9.9,6.4,,,,,,,,
2016-05-14,11.7,7.9,,,,,,,,
2016-05-15,13.2,11.1,14.5,0.3,,,,,,
2016-05-16,11.1,7.5,13.6,3,,,,,,
2016-05-17,9.8,6,13.9,0,,,,,,
2016-05-18,10.2,6.2,15,,,,,,,
2016-05-19,9.6,6,15.2,,,,,,,
2016-05-20,12.4,10.3,,,,,,,,
2016-05-21,11.4,8,16.3,,,,,,,
2016-05-22,11,7,,,,,,,,
2016-05-23,9.9,4.6,,,,,,,,
2016-05-24,12.4,5.9,16.8,,,,,,,
2016-05-25,14,11.1,17,,,,,,,
2016-05-26,12.9,10.6,17.7,,,,,,,
2016-05-27,11.9,10,16.4,,,,,,,
2016-05-28,13.2,11.4,,,,,,,,
2016-05-29,14.2,13,16.1,31,,,,,,
2016-05-30,13.3,12,15.2,4.1,,,,,,
2016-05-31,12.5,10.9,14.4,0.3,,,,,,
2016-06-01,10.6,7.6,14.4,0,,,,,,
2016-06-02,9,6.9,14.8,0.8,,,,,,
2016-06-03,9.5,5,,3,,,,,,
2016-06-04,10.5,6,16,2,,,,,,
2016-06-05,9.7,6.4,,0,,,,,,
2016-06-06,8.8,5,,0,,,,,,
2016-06-07,10.8,6.6,15.2,,,,,,,
2016-06-08,8.7,4,15.6,,,,,,,
2016-06-09,7.1,2,13.8,,,,,,,
2016-06-10,7.2,3,13.4,0.8,,,,,,
2016-06-11,7.4,2,,0,,,,,,
2016-06-12,9,3.2,,,,,,,,
2016-06-13,10.2,4.2,16.4,,,,,,,
2016-06-14,10.7,4.4,,,,,,,,
2016-06-15,12.3,7.2,17,,,,,,,
2016-06-16,11.2,7.5,,,,,,,,
2016-06-17,10.9,5.4,,,,,,,,
2016-06-18,11.4,6.2,,,,,,,,
2016-06-19,8.9,5.5,18.8,,,,,,,
2016-06-20,7.2,3.6,12.6,,,,,,,
2016-06-21,9.2,4,,,,,,,,
2016-06-22,9.8,5.9,,,,,,,,
2016-06-23,10.7,6.2,16.6,,,,,,,
2016-06-24,12.8,7.6,17.1,,,,,,,
2016-06-25,11,8,15.8,,,,,,,
2016-06-26,9.9,8.3,12,0,,,,,,
2016-06-27,12.7,9.2,,13,,,,,,
2016-06-28,9.8,7.5,15.3,6.1,,,,,,
2016-06-29,11.6,7.4,,0,,,,,,
2016-06-30,14.6,9,,0.3,,,,,,
2016-07-01,14.7,12.9,18.3,3,,,,,,
2016-07-02,13.3,,16.7,5.1,,,,,,
2016-07-03,12.6,11.6,,39.9,,,,,,
2016-07-04,11.4,10.5,13.8,48,,,,,,
2016-07-05,10.2,8.6,11.7,0.5,,,,,,
2016-07-06,11.4,7,,5.1,,,,,,
2016-07-07,11.5,5.8,,0,,,,,,
2016-07-08,12.4,5.8,19.5,,,,,,,
2016-07-09,13.8,9.4,,,,,,,,
2016-07-10,13.2,11.4,18.9,,,,,,,
2016-07-11,12.9,12,14.9,,,,,,,
2016-07-12,12.4,8.6,,14,,,,,,
2016-07-13,9.5,5.2,16,0,,,,,,
2016-07-14,11.7,6.3,14.5,,,,,,,
2016-07-15,9.8,7.9,,1,,,,,,
2016-07-16,8.2,5.1,13.3,0,,,,,,
2016-07-17,6.1,1.5,12.2,,,,,,,
2016-07-18,7.3,1.8,10.9,,,,,,,
2016-07-19,8.9,4.4,,,,,,,,
2016-07-20,7.4,3.5,12.9,,,,,,,
2016-07-21,8.6,3.6,,,,,,,,
2016-07-22,9.9,4.4,,,,,,,,
2016-07-23,12.5,5.2,,,,,,,,
2016-07-24,9.8,7,19.4,,,,,,,
2016-07-25,10.5,8.8,,,,,,,,
2016-07-26,10.6,,11.5,29,,,,,,
2016-07-27,8.5,5,11.5,22.1,,,,,,
2016-07-28,7.6,4.1,12.5,0,,,,,,
2016-07-29,10.2,5,,,,,,,,
2016-07-30,12.3,9.2,,,,,,,,
2016-07-31,13.8,11.2,15.2,0.8,,,,,,
2016-08-01,10.5,8.9,15.2,16,,,,,,
2016-08-02,7.9,4.4,,0,,,,,,
2016-08-03,9.8,5.4,12,,,,,,,
2016-08-04,12.5,9.4,,,,,,,,
2016-08-05,12.9,9.5,17.1,,,,,,,
2016-08-06,13.3,5.9,,2,,,,,,
2016-08-07,12.4,6.4,21.2,0,,,,,,
2016-08-08,14.7,9.4,,,,,,,,
2016-08-09,12.8,6.3,20.4,3,,,,,,
2016-08-10,12.1,7.2,19.4,0,,,,,,
2016-08-11,13.4,10,,,,,,,,
2016-08-12,15.8,10.2,,,,,,,,
2016-08-13,17.2,12.6,22.2,,,,,,,
2016-08-14,14.6,8.5,22.5,,,,,,,
2016-08-15,15.8,9.3,,,,,,,,
2016-08-16,14,9,22,,,,,,,
2016-08-17,14.4,9,,,,,,,,
2016-08-18,14.5,6.5,,,,,,,,
2016-08-19,13.2,7.7,21.9,,,,,,,
2016-08-20,11.2,7.5,17.4,,,,,,,
2016-08-21,8.4,1.6,,,,,,,,
2016-08-22,13.7,6.4,,,,,,,,
2016-08-23,16.4,8.5,,,,,,,,
2016-08-24,16.9,12,23.5,,,,,,,
2016-08-25,18.7,13.9,,,,,,,,
2016-08-26,19.7,13.7,,,,,,,,
2016-08-27,13.6,,26.8,6.1,,,,,,
2016-08-28,9.7,7.6,,47,,,,,,
2016-08-29,11.6,8.4,,0,,,,,,
2016-08-30,11.3,6.3,16,,,,,,,
2016-08-31,14.4,9,,,,,,,,
2016-09-01,11.8,9.7,21.9,,,,,,,
2016-09-02,10.4,5,,,,,,,,
2016-09-03,9.3,4,15,,,,,,,
2016-09-04,8.3,3.5,14.5,,,,,,,
2016-09-05,9.6,6.6,13.2,11.9,,,,,,
2016-09-06,8.7,6,,13,,,,,,
2016-09-07,10.4,8.2,,3,,,,,,
2016-09-08,15.3,9.4,,0,,,,,,
2016-09-09,17.4,12,,0,,,,,,
2016-09-10,19.6,13.7,,,,,,,,
2016-09-11,18.8,13.5,26.2,,,,,,,
2016-09-12,16.6,15.5,24.5,0,,,,,,
2016-09-13,13,10.8,16.6,26.9,,,,,,
2016-09-14,13.1,10.5,,0,,,,,,
2016-09-15,12.3,5.2,,,,,,,,
2016-09-16,15.6,10.4,20.5,,,,,,,
2016-09-17,18.4,13.6,,,,,,,,
2016-09-18,15.7,12,25,0,,,,,,
2016-09-19,11.6,7.6,20.4,,,,,,,
2016-09-20,13.6,10,,,,,,,,
2016-09-21,17.9,12.6,,,,,,,,
2016-09-22,20.8,15.8,,,,,,,,
2016-09-23,13.6,8,26.5,,,,,,,
2016-09-24,11.6,5.8,17.8,,,,,,,
2016-09-25,12.4,5.2,,,,,,,,
2016-09-26,15.8,10.1,,,,,,,,
2016-09-27,18.4,14,,,,,,,,
2016-09-28,18.3,13.4,25.2,,,,,,,
2016-09-29,12.6,10,24.4,,,,,,,
2016-09-30,13.3,11.4,,,,,,,,
2016-10-01,15.5,12,,0,,,,,,
2016-10-02,15,,19.6,0,,,,,,
2016-10-03,16.3,13.8,,4.1,,,,,,
2016-10-04,17.1,14.8,21.3,0,,,,,,
2016-10-05,17.1,15,22,0,,,,,,
2016-10-06,15.8,12.2,,0.3,,,,,,
2016-10-07,16.2,12.6,20.5,7.9,,,,,,
2016-10-08,13.4,8,19.5,3,,,,,,
2016-10-09,16.6,9.5,,0,,,,,,
2016-10-10,18.4,12.4,26,,,,,,,
2016-10-11,19.3,11.7,,0,,,,,,
2016-10-12,21.2,16.4,,,,,,,,
2016-10-13,20.6,17.8,27.9,1,,,,,,
2016-10-14,19.9,16.9,24.4,0,,,,,,
2016-10-15,19.9,17,24.9,34,,,,,,
2016-10-16,21.9,16.8,,17,,,,,,
2016-10-17,18.6,13.6,28.8,0,,,,,,
2016-10-18,15.4,13.4,22.7,,,,,,,
2016-10-19,14.5,,17,39.1,,,,,,
2016-10-20,13.2,11.4,,24.9,,,,,,
2016-10-21,14.5,10.2,,1,,,,,,
2016-10-22,17.5,14.3,,0,,,,,,
2016-10-23,19.1,16.5,22.6,,,,,,,
2016-10-24,18.3,16.8,23,,,,,,,
2016-10-25,18.4,17.4,20.1,,,,,,,
2016-10-26,17.9,,,13,,,,,,
2016-10-27,14.3,10.8,20.7,0.8,,,,,,
2016-10-28,11.8,5.6,18.5,0,,,,,,
2016-10-29,17.9,11,,,,,,,,
2016-10-30,20.7,16,,,,,,,,
2016-10-31,22.3,18.8,26.6,,,,,,,
2016-11-01,16.8,14.5,28,17,,,,,,
2016-11-02,13.8,8.5,,25.9,,,,,,
2016-11-03,18.6,10,,0.3,,,,,,
2016-11-04,22.9,16.8,,0,,,,,,
2016-11-05,24.2,17.1,,,,,,,,
2016-11-06,26.8,20.2,,,,,,,,
2016-11-07,21.8,15.9,34,,,,,,,
2016-11-08,18.7,16.6,23.5,,,,,,,
2016-11-09,22.4,18.6,,,,,,,,
2016-11-10,22,,,,,,,,,
2016-11-11,19.2,13.5,29.6,,,,,,,
2016-11-12,21.8,15.8,,,,,,,,
2016-11-13,20.9,,28.7,0.3,,,,,,
2016-11-14,21,14.5,,21.1,,,,,,
2016-11-15,25.3,20.1,29.5,0,,,,,,
2016-11-16,20.8,17,30,,,,,,,
2016-11-17,15.9,11.6,22.9,,,,,,,
2016-11-18,15.4,8.3,,,,,,,,
2016-11-19,20.2,14.5,,,,,,,,
2016-11-20,21.9,17.8,,,,,,,,
2016-11-21,15.8,11.6,25.7,,,,,,,
2016-11-22,16.8,9.4,,,,,,,,
2016-11-23,21.6,14,,,,,,,,
2016-11-24,23.8,17.5,,,,,,,,
2016-11-25,25.9,22.4,,,,,,,,
2016-11-26,23.1,,30.9,,,,,,,
2016-11-27,22.1,18.2,,,,,,,,
2016-11-28,22.4,18.9,28,,,,,,,
2016-11-29,22.1,16,,,,,,,,
2016-11-30,23,19.4,30,,,,,,,
2016-12-01,24.4,19.8,,,,,,,,
2016-12-02,25.7,19.1,,,,,,,,
2016-12-03,26.6,22.5,33,,,,,,,
2016-12-04,25.4,21.5,30.9,,,,,,,
2016-12-05,25.9,,,,,,,,,
2016-12-06,22.6,15.8,32.6,0.5,,,,,,
2016-12-07,24.7,16.8,,0,,,,,,
2016-12-08,20.9,16.3,33,,,,,,,
2016-12-09,20.8,15.9,,,,,,,,
2016-12-10,26.3,18.2,,,,,,,,
2016-12-11,25.8,21.6,34.8,,,,,,,
2016-12-12,26.8,20.2,,,,,,,,
2016-12-13,22.5,16.3,35.5,,,,,,,
2016-12-14,18.8,12.5,25.4,,,,,,,
2016-12-15,22,17.2,,,,,,,,
2016-12-16,24.9,20,,,,,,,,
2016-12-17,28.1,22.5,,,,,,,,
2016-12-18,24.9,,33.9,,,,,,,
2016-12-19,22.3,16.5,,,,,,,,
2016-12-20,25.2,18.4,,,,,,,,
2016-12-21,28.4,23.7,,,,,,,,
2016-12-22,24.1,20.5,35.6,,,,,,,
2016-12-23,23.9,18.8,,26.9,,,,,,
2016-12-24,25.9,20.3,32.3,0,,,,,,
2016-12-25,23.4,20.2,32,15,,,,,,
2016-12-26,23.1,19.2,,38.1,,,,,,
2016-12-27,24.1,20.7,28.5,0,,,,,,
2016-12-28,25.7,22.3,,,,,,,,
2016-12-29,27.6,23,,,,,,,,
2016-12-30,27.5,24.5,32.5,,,,,,,
2016-12-31,29.1,25.2,,,,,,,,
2017-01-01,30.6,27,,0,,,,,,
2017-01-02,25.9,20.6,35.6,,,,,,,
2017-01-03,26.3,,29.6,,,,,,,
2017-01-04,25.8,22.4,,,,,,,,
2017-01-05,22.8,16.2,31.6,,,,,,,
2017-01-06,23.3,18.7,,,,,,,,
2017-01-07,28.5,20.8,,,,,,,,
2017-01-08,25.2,21.2,34.5,38.1,,,,,,
2017-01-09,26,21.1,,0,,,,,,
2017-01-10,21.1,16.3,32.3,30,,,,,,
2017-01-11,24.9,20,,0,,,,,,
2017-01-12,27.1,22,,,,,,,,
2017-01-13,27.7,25.8,32.3,,,,,,,
2017-01-14,23.3,18,29.6,0,,,,,,
2017-01-15,23.3,,28,,,,,,,
2017-01-16,23.6,19.4,,11.9,,,,,,
2017-01-17,26.2,22.2,,2,,,,,,
2017-01-18,26.8,20.4,34.2,0,,,,,,
2017-01-19,27.2,23.5,,,,,,,,
2017-01-20,28.2,24.9,32.5,,,,,,,
2017-01-21,28.8,24.6,,,,,,,,
2017-01-22,28.3,24.6,33.6,,,,,,,
2017-01-23,27.2,24.7,31,,,,,,,
2017-01-24,28,24.6,31.4,,,,,,,
2017-01-25,21,17.4,32.7,8.9,,,,,,
2017-01-26,18.7,13,25.4,0,,,,,,
2017-01-27,21.3,13.7,,,,,,,,
2017-01-28,24.4,18.8,,,,,,,,
2017-01-29,26.9,23,,,,,,,,
2017-01-30,28.9,24.4,,,,,,,,
2017-01-31,27.2,,35,2,,,,,,
2017-02-01,25.2,19.4,,5.1,,,,,,
2017-02-02,23.9,19.8,30,0,,,,,,
2017-02-03,24.5,19.4,,,,,,,,
2017-02-04,25.6,22.7,29.9,,,,,,,
2017-02-05,19.7,,29.6,16,,,,,,
2017-02-06,18.5,13.5,,2,,,,,,
2017-02-07,19.8,13.5,25.1,0,,,,,,
2017-02-08,22.8,19.5,,,,,,,,
2017-02-09,24.2,21.1,,,,,,,,
2017-02-10,24.3,21.6,29,,,,,,,
2017-02-11,23.4,20,29.6,4.1,,,,,,
2017-02-12,21.7,,27.9,5.1,,,,,,
2017-02-13,21,18.9,,35.1,,,,,,
2017-02-14,22.4,18.9,25.9,25.9,,,,,,
2017-02-15,25.2,20.1,,3,,,,,,
2017-02-16,26.5,22.4,32.5,0,,,,,,
2017-02-17,26.4,21.7,31.6,0.5,,,,,,
2017-02-18,26.1,20.8,32.1,4.1,,,,,,
2017-02-19,25.9,19.6,,0,,,,,,
2017-02-20,28.1,23,32.2,,,,,,,
2017-02-21,28.5,24.3,,,,,,,,
2017-02-22,26.1,21.6,34.6,33,,,,,,
2017-02-23,27.7,22,,17,,,,,,
2017-02-24,28.1,22.9,35.1,0,,,,,,
2017-02-25,28.4,22.8,,,,,,,,
2017-02-26,29,25.3,34.6,,,,,,,
2017-02-27,28.9,23.9,,,,,,,,
2017-02-28,27.5,22.6,33.6,0,,,,,,
2017-03-01,28.9,24.6,34.1,,,,,,,
2017-03-02,28.9,24.2,35.2,,,,,,,
2017-03-03,22.9,20,35.2,0.5,,,,,,
2017-03-04,21.6,19.2,24.6,0,,,,,,
2017-03-05,21.4,14.4,,0,,,,,,
2017-03-06,24.6,19.9,,,,,,,,
2017-03-07,22.1,17,30.2,,,,,,,
2017-03-08,23.7,20.4,,,,,,,,
2017-03-09,23.8,20,28.9,41.9,,,,,,
2017-03-10,20.8,14.9,29.5,0,,,,,,
2017-03-11,19.1,14.3,26.2,,,,,,,
2017-03-12,19.8,14.2,24.4,0,,,,,,
2017-03-13,19.7,12.4,,,,,,,,
2017-03-14,21.7,15.2,28.2,,,,,,,
2017-03-15,20.9,,27.7,,,,,,,
2017-03-16,16.8,14,22.2,30,,,,,,
2017-03-17,16.4,10.4,,0,,,,,,
2017-03-18,17.8,12.8,24,,,,,,,
2017-03-19,19.9,14.7,,,,,,,,
2017-03-20,21.1,17.5,24.7,,,,,,,
2017-03-21,21.6,19.1,,,,,,,,
2017-03-22,22.3,20.1,25.6,,,,,,,
2017-03-23,22.5,18.5,,,,,,,,
2017-03-24,23.3,19.1,26.5,,,,,,,
2017-03-25,23.9,19.8,,,,,,,,
2017-03-26,23.3,21,28.4,,,,,,,
2017-03-27,23.7,21.1,,0,,,,,,
2017-03-28,23.5,21.4,28.5,,,,,,,
2017-03-29,22.6,19.8,27.6,,,,,,,
2017-03-30,22.7,19.8,27,,,,,,,
2017-03-31,23,20.6,,0.3,,,,,,
2017-04-01,23.5,20.4,27,0,,,,,,
2017-04-02,21.3,,27.4,,,,,,,
2017-04-03,19.7,15.8,,8.9,,,,,,
2017-04-04,20.2,16,,0,,,,,,
2017-04-05,22.2,17.8,,,,,,,,
2017-04-06,19.6,12.9,28.6,,,,,,,
2017-04-07,21.5,18.3,,,,,,,,
2017-04-08,22.2,18.9,,,,,,,,
2017-04-09,21.9,20.4,26.9,38.1,,,,,,
2017-04-10,19.9,,24.2,19.1,,,,,,
2017-04-11,16.7,13.5,21.9,11.9,,,,,,
2017-04-12,15.1,9.5,23,0,,,,,,
2017-04-13,14.6,10.5,20.1,,,,,,,
2017-04-14,17.3,12.4,,,,,,,,
2017-04-15,18.9,15.3,22.3,,,,,,,
2017-04-16,17.9,14.7,23.2,,,,,,,
2017-04-17,15.9,13.8,21.3,0,,,,,,
2017-04-18,16.9,13.4,20.9,0,,,,,,
2017-04-19,18.2,17.4,20.2,0,,,,,,
2017-04-20,19.8,16.8,,1,,,,,,
2017-04-21,19.8,15.4,25.8,0,,,,,,
2017-04-22,14.8,9,26,,,,,,,
2017-04-23,15.8,11.1,,,,,,,,
2017-04-24,19.6,14.8,23.3,,,,,,,
2017-04-25,15.2,,23.4,,,,,,,
2017-04-26,12.9,9.5,18.9,39.1,,,,,,
2017-04-27,14.5,8.2,,0,,,,,,
2017-04-28,18.4,11.1,,,,,,,,
2017-04-29,19.1,12.8,26.9,,,,,,,
2017-04-30,19.4,13.4,,,,,,,,
2017-05-01,19.7,12.5,26.5,,,,,,,
2017-05-02,19,15.9,26,,,,,,,
2017-05-03,19.3,15.8,,0.3,,,,,,
2017-05-04,20,16.2,25.3,0,,,,,,
2017-05-05,20.2,16,,,,,,,,
2017-05-06,19.8,16.9,26.2,,,,,,,
2017-05-07,19.8,18,23.4,,,,,,,
2017-05-08,18.8,,21.4,104.9,,,,,,
2017-05-09,14.6,10.5,19.7,6.1,,,,,,
2017-05-10,13.4,9.7,20,0,,,,,,
2017-05-11,13.6,12,17.4,,,,,,,
2017-05-12,15.4,13.1,,10.9,,,,,,
2017-05-13,16,12.9,,5.1,,,,,,
2017-05-14,14.9,12,21.1,0,,,,,,
2017-05-15,15.9,13,,,,,,,,
2017-05-16,13.9,8.7,21,,,,,,,
2017-05-17,15.2,10,21.2,,,,,,,
2017-05-18,16.3,14.2,19.2,0,,,,,,
2017-05-19,16.6,,18.1,5.1,,,,,,
2017-05-20,11.3,9.5,17.6,0,,,,,,
2017-05-21,12.6,9.6,,4.1,,,,,,
2017-05-22,15.2,9.9,,0.3,,,,,,
2017-05-23,17.1,13.8,21.5,0,,,,,,
2017-05-24,16.9,14.6,20.6,,,,,,,
2017-05-25,16.1,15,18.6,2,,,,,,
2017-05-26,14,11.3,,2,,,,,,
2017-05-27,11.1,7.8,18.2,0,,,,,,
2017-05-28,12.1,8.3,,,,,,,,
2017-05-29,12.3,9.4,,0.5,,,,,,
2017-05-30,11.4,6.5,16.8,0,,,,,,
2017-05-31,10.5,7.3,16.9,,,,,,,
2017-06-01,10.4,7.2,,,,,,,,
2017-06-02,10.7,5.7,,,,,,,,
2017-06-03,13.7,6.6,17.1,,,,,,,
2017-06-04,12.4,9.1,16.7,,,,,,,
2017-06-05,8.8,4,16.6,,,,,,,
2017-06-06,9,4,,,,,,,,
2017-06-07,11,4.9,16.9,,,,,,,
2017-06-08,11.5,8.8,15.2,,,,,,,
2017-06-09,9.8,5.6,,0,,,,,,
2017-06-10,13.9,6.2,,,,,,,,
2017-06-11,13.2,9.3,21.6,,,,,,,
2017-06-12,8.4,2.7,19,,,,,,,
2017-06-13,12.1,3.9,,,,,,,,
2017-06-14,14.1,9.3,20.6,,,,,,,
2017-06-15,15.1,12.5,19,,,,,,,
2017-06-16,20.4,14,,0,,,,,,
2017-06-17,20.7,,24.6,0,,,,,,
2017-06-18,9.6,5.4,22.8,0,,,,,,
2017-06-19,7.1,2.3,,0,,,,,,
2017-06-20,6.8,2,13.1,,,,,,,
2017-06-21,10.6,3.6,13.6,,,,,,,
2017-06-22,15.3,9,,,,,,,,
2017-06-23,19.4,14.1,,,,,,,,
2017-06-24,18.9,15.8,25.3,,,,,,,
2017-06-25,20.5,16.2,,,,,,,,
2017-06-26,20.4,17.6,,,,,,,,
2017-06-27,18.3,,24.4,0,,,,,,
2017-06-28,12.6,11.6,20.5,0.3,,,,,,
2017-06-29,10.5,7,13.4,0,,,,,,
2017-06-30,12.5,8.4,,,,,,,,
2017-07-01,11.6,7,17.8,,,,,,,
2017-07-02,13.8,8,17.6,,,,,,,
2017-07-03,14,11.2,,,,,,,,
2017-07-04,15.4,11.7,,,,,,,,
2017-07-05,14.7,11.4,19.6,,,,,,,
2017-07-06,10.1,7.9,16.9,,,,,,,
2017-07-07,12.2,9.8,,5.1,,,,,,
2017-07-08,13.6,,14.8,39.1,,,,,,
2017-07-09,10.7,10.2,15.1,0,,,,,,
2017-07-10,10.5,9.6,12.5,31,,,,,,
2017-07-11,9.2,4.8,,2,,,,,,
2017-07-12,14.3,5.3,,0,,,,,,
2017-07-13,19.1,13.8,,,,,,,,
2017-07-14,14.9,,25,0.3,,,,,,
2017-07-15,13.8,,,3,,,,,,
2017-07-16,7,5,17.4,9.9,,,,,,
2017-07-17,5.1,0.5,,0,,,,,,
2017-07-18,7.7,1,,,,,,,,
2017-07-19,10.3,3.4,,,,,,,,
2017-07-20,12.3,6.5,,,,,,,,
2017-07-21,11.8,7.2,19.9,,,,,,,
2017-07-22,13.1,8.9,,,,,,,,
2017-07-23,14.3,10.8,18,,,,,,,
2017-07-24,12.7,9.8,17.5,11.9,,,,,,
2017-07-25,12.3,9.9,15.3,0,,,,,,
2017-07-26,15.3,11.2,,5.1,,,,,,
2017-07-27,17.7,14.3,,0,,,,,,
2017-07-28,19.6,15.9,,,,,,,,
2017-07-29,20.2,16.5,26,,,,,,,
2017-07-30,12.2,,24.4,,,,,,,
2017-07-31,10.9,9.2,,3,,,,,,
2017-08-01,12.5,10.8,,1,,,,,,
2017-08-02,12.3,9.1,,0.5,,,,,,
2017-08-03,11.9,7.4,,0,,,,,,
2017-08-04,12.2,6.8,19.2,,,,,,,
2017-08-05,14.5,8.3,18.4,,,,,,,
2017-08-06,16.7,12.7,,,,,,,,
2017-08-07,17.1,13.9,23.6,,,,,,,
2017-08-08,14.1,12,21,6.1,,,,,,
2017-08-09,13.4,12,17.6,0,,,,,,
2017-08-10,14.5,12.4,17,,,,,,,
2017-08-11,15.8,13,17,22.1,,,,,,
2017-08-12,15,,17.5,6.1,,,,,,
2017-08-13,12.3,7,,1,,,,,,
2017-08-14,14.3,9.6,,0,,,,,,
2017-08-15,14.9,10,20.4,,,,,,,
2017-08-16,13.3,8.2,21.6,,,,,,,
2017-08-17,14.6,9.2,,,,,,,,
2017-08-18,17.7,12.7,22.8,,,,,,,
2017-08-19,15.6,11.7,22.7,9.9,,,,,,
2017-08-20,12.3,7,,0.5,,,,,,
2017-08-21,11.4,5.1,,0,,,,,,
2017-08-22,13.4,10,18,,,,,,,
2017-08-23,16.6,10.2,,,,,,,,
2017-08-24,19.5,14.2,,1,,,,,,
2017-08-25,18.7,,24,3,,,,,,
2017-08-26,14.4,,21.5,20.1,,,,,,
2017-08-27,15.2,13.2,,0.5,,,,,,
2017-08-28,17.7,14.5,,0,,,,,,
2017-08-29,18.9,,23.3,3,,,,,,
2017-08-30,12,7.3,21.7,0.3,,,,,,
2017-08-31,12.5,8,17.6,0,,,,,,
2017-09-01,16.6,12.8,,,,,,,,
2017-09-02,20.6,15,,,,,,,,
2017-09-03,17.3,,25,2,,,,,,
2017-09-04,13.3,10.2,21.4,7.9,,,,,,
2017-09-05,12.3,5.9,16.8,0,,,,,,
2017-09-06,14.2,10.8,17.2,,,,,,,
2017-09-07,15.1,10.3,,,,,,,,
2017-09-08,14.5,11.4,21.1,,,,,,,
2017-09-09,17,11.8,,48,,,,,,
2017-09-10,17.7,16.5,19.7,58.9,,,,,,
2017-09-11,13.2,9.4,18.5,24.9,,,,,,
2017-09-12,13.4,7.3,,0,,,,,,
2017-09-13,14.4,9.5,19.5,,,,,,,
2017-09-14,17.3,12.7,,,,,,,,
2017-09-15,14.4,10.9,24.3,,,,,,,
2017-09-16,14.3,10.1,,,,,,,,
2017-09-17,15.5,9.5,,,,,,,,
2017-09-18,17.2,12.8,,,,,,,,
2017-09-19,18.1,13.9,22.1,,,,,,,
2017-09-20,20.9,16.8,,,,,,,,
2017-09-21,12.5,,26.6,9.9,,,,,,
2017-09-22,12.3,7.7,,16,,,,,,
2017-09-23,14.5,7.9,,0,,,,,,
2017-09-24,17.6,13,22.6,,,,,,,
2017-09-25,19.2,14.2,,,,,,,,
2017-09-26,15.2,,25.1,,,,,,,
2017-09-27,12.2,8.9,,20.1,,,,,,
2017-09-28,13.4,9.4,,0,,,,,,
2017-09-29,15.5,13.1,18.4,,,,,,,
2017-09-30,17.9,14.7,,,,,,,,
2017-10-01,16.4,12.5,22.6,49,,,,,,
2017-10-02,14.4,10.6,,6.1,,,,,,
2017-10-03,16.8,10.6,,0.3,,,,,,
2017-10-04,20.2,12.6,,0,,,,,,
2017-10-05,21.9,17.8,26.7,,,,,,,
2017-10-06,17.9,12.3,25,,,,,,,
2017-10-07,16.2,13.5,25.1,,,,,,,
2017-10-08,17.4,13.8,,,,,,,,
2017-10-09,18.6,14.5,,0.5,,,,,,
2017-10-10,16.3,12.5,23.5,0,,,,,,
2017-10-11,16.7,12.5,21,0,,,,,,
2017-10-12,13.4,11.5,20,15,,,,,,
2017-10-13,13.5,10.6,,1,,,,,,
2017-10-14,15.7,8.5,,0,,,,,,
2017-10-15,19.1,10.9,,,,,,,,
2017-10-16,21.3,17.2,,,,,,,,
2017-10-17,21.9,19,27.5,,,,,,,
2017-10-18,20.2,17.6,25,,,,,,,
2017-10-19,16.9,11.8,23.7,9.9,,,,,,
2017-10-20,17.7,12.7,,0,,,,,,
2017-10-21,17.5,13.4,25,0,,,,,,
2017-10-22,12.7,8.1,20.4,2,,,,,,
2017-10-23,15.4,11.3,,0,,,,,,
2017-10-24,19.6,14.9,,0,,,,,,
2017-10-25,20.8,14.4,,,,,,,,
2017-10-26,21.9,16.8,27.3,,,,,,,
2017-10-27,17.9,15.3,27.5,8.9,,,,,,
2017-10-28,17.3,11.9,,0.8,,,,,,
2017-10-29,20.6,18,,0,,,,,,
2017-10-30,19.2,13.4,26.3,27.9,,,,,,
2017-10-31,19.3,11.6,,0,,,,,,
2017-11-01,21.1,18.7,26.9,,,,,,,
2017-11-02,19.4,,25.1,,,,,,,
2017-11-03,19.8,14.7,,,,,,,,
2017-11-04,19.7,13.4,25.8,,,,,,,
2017-11-05,20.5,17.4,25.1,,,,,,,
2017-11-06,21.4,16.6,25,,,,,,,
2017-11-07,20.7,19.4,26.6,,,,,,,
2017-11-08,22.1,18.6,,0,,,,,,
2017-11-09,22.1,15.8,,,,,,,,
2017-11-10,23.1,17.1,,,,,,,,
2017-11-11,20.2,13.5,30.2,,,,,,,
2017-11-12,20.5,12,,,,,,,,
2017-11-13,24.4,18.2,,,,,,,,
2017-11-14,24.4,19.2,32.2,,,,,,,
2017-11-15,26.4,22.8,,,,,,,,
2017-11-16,17.2,11.4,,2,,,,,,
2017-11-17,21.2,16.2,,0,,,,,,
2017-11-18,16,10,27.7,,,,,,,
2017-11-19,19.3,,,,,,,,,
2017-11-20,14.9,,28.2,0,,,,,,
2017-11-21,16.3,12.1,,19.1,,,,,,
2017-11-22,19.4,13.8,,0,,,,,,
2017-11-23,23.5,18,,0,,,,,,
2017-11-24,15.7,10,30.7,0,,,,,,
2017-11-25,18.1,11.9,,,,,,,,
2017-11-26,20.8,17.3,,,,,,,,
2017-11-27,21.4,17.4,29.4,,,,,,,
2017-11-28,16.2,11.2,23.9,,,,,,,
2017-11-29,20.9,16.4,,,,,,,,
2017-11-30,22.4,18.4,,,,,,,,
2017-12-01,22.3,18.8,28.4,,,,,,,
2017-12-02,22.6,19.8,26.6,,,,,,,
2017-12-03,21.1,18.4,27,0.3,,,,,,
2017-12-04,19.6,16,25.4,16,,,,,,
2017-12-05,21.3,17.8,,0,,,,,,
2017-12-06,24,20.2,,,,,,,,
2017-12-07,24.1,17.8,30.1,0,,,,,,
2017-12-08,25.4,20.7,,0,,,,,,
2017-12-09,28.8,22,,,,,,,,
2017-12-10,25.1,16.3,37.2,,,,,,,
2017-12-11,18.7,12,33.4,,,,,,,
2017-12-12,22.5,17.6,,,,,,,,
2017-12-13,25.1,18.5,,,,,,,,
2017-12-14,24.9,18,,3,,,,,,
2017-12-15,28.3,20,34.5,0,,,,,,
2017-12-16,27.8,,34.6,,,,,,,
2017-12-17,21.6,16.1,31.1,48,,,,,,
2017-12-18,18.7,16.2,23.2,0,,,,,,
2017-12-19,18.4,,22.1,0.3,,,,,,
2017-12-20,21.2,16.1,,11.9,,,,,,
2017-12-21,26.1,21.6,,0,,,,,,
2017-12-22,27.9,22.5,,0.5,,,,,,
2017-12-23,22.2,19.2,32.9,10.9,,,,,,
2017-12-24,19.1,12.3,24.3,0,,,,,,
2017-12-25,24.7,18.2,,,,,,,,
2017-12-26,28.9,24,,,,,,,,
2017-12-27,27.3,22.3,34.4,0,,,,,,
2017-12-28,28,23.1,,,,,,,,
2017-12-29,30.2,24,35.5,,,,,,,
2017-12-30,31.2,24.3,,,,,,,,
2017-12-31,22.3,17.5,38,4.1,,,,,,
2018-01-01,22.2,17.5,,,,,,,,
2018-01-02,25.4,18.6,,,,,,,,
2018-01-03,26.1,16.9,33,,,,,,,
2018-01-04,29.2,22.2,,,,,,,,
2018-01-05,24.8,,36.7,,,,,,,
2018-01-06,21.1,15.8,,,,,,,,
2018-01-07,25.1,18.7,,,,,,,,
2018-01-08,27.9,22.9,33,,,,,,,
2018-01-09,27.3,23.9,33,,,,,,,
2018-01-10,28,24,,,,,,,,
2018-01-11,31,26.2,,,,,,,,
2018-01-12,30,27.7,37,,,,,,,
2018-01-13,26,22.7,33.5,,,,,,,
2018-01-14,19.2,16.5,30.5,15,,,,,,
2018-01-15,20.6,15.8,,1,,,,,,
2018-01-16,24.4,18.6,,0,,,,,,
2018-01-17,25.4,23.5,30,,,,,,,
2018-01-18,25.1,19.3,,0,,,,,,
2018-01-19,27.4,20.7,33.2,1,,,,,,
2018-01-20,26.4,21,34.7,0,,,,,,
2018-01-21,28.2,25.2,33.4,,,,,,,
2018-01-22,26.8,23,33.3,,,,,,,
2018-01-23,27.7,23.6,,0.8,,,,,,
2018-01-24,23.3,18.4,36,6.1,,,,,,
2018-01-25,20.2,14.8,26.2,0,,,,,,
2018-01-26,23.6,19.1,,0,,,,,,
2018-01-27,25.4,22.1,29.5,0,,,,,,
2018-01-28,26.2,21,,0,,,,,,
2018-01-29,24.9,21,32.6,,,,,,,
2018-01-30,25.4,20.7,,,,,,,,
2018-01-31,27.7,22.2,32.6,,,,,,,
2018-02-01,27.2,21.9,32.5,,,,,,,
2018-02-02,28.1,23.7,,,,,,,,
2018-02-03,24.9,21.3,34.1,,,,,,,
2018-02-04,25.8,22.5,,,,,,,,
2018-02-05,27.3,23.3,,,,,,,,
2018-02-06,27.9,23.6,33.1,,,,,,,
2018-02-07,28.9,24.3,,,,,,,,
2018-02-08,30.7,26.3,,,,,,,,
2018-02-09,26.6,22.2,36.6,2,,,,,,
2018-02-10,24.6,19.3,28.6,15,,,,,,
2018-02-11,19.9,14.8,29.5,8.9,,,,,,
2018-02-12,17.9,12.3,24,0,,,,,,
2018-02-13,20.6,14.8,,,,,,,,
2018-02-14,23.7,17,,,,,,,,
2018-02-15,25.2,21,,,,,,,,
2018-02-16,26.3,22.1,,,,,,,,
2018-02-17,26.8,22.4,32.3,,,,,,,
2018-02-18,28.4,24.4,,,,,,,,
2018-02-19,26.3,20.4,34.1,22.1,,,,,,
2018-02-20,25.4,20.4,,0.5,,,,,,
2018-02-21,22.4,18.6,31.4,0,,,,,,
2018-02-22,22,15.5,,0.5,,,,,,
2018-02-23,23.3,17,29,0,,,,,,
2018-02-24,22.8,17.4,28.9,,,,,,,
2018-02-25,23.1,20,27.2,,,,,,,
2018-02-26,23.4,20.4,26.9,,,,,,,
2018-02-27,24.6,20.8,,,,,,,,
2018-02-28,24.2,21.3,30.7,,,,,,,
2018-03-01,25.4,21.3,,0.3,,,,,,
2018-03-02,27.1,20.7,,0,,,,,,
2018-03-03,27.3,23.6,32.4,,,,,,,
2018-03-04,26.9,22.5,32.6,,,,,,,
2018-03-05,26.1,23.6,31.9,,,,,,,
2018-03-06,20.6,13.8,28.8,,,,,,,
2018-03-07,21.1,15.6,26.9,,,,,,,
2018-03-08,23.8,17.6,,,,,,,,
2018-03-09,25.4,20,,,,,,,,
2018-03-10,27.2,23,,,,,,,,
2018-03-11,21.6,15.7,34.1,,,,,,,
2018-03-12,19.7,12.6,25.8,,,,,,,
2018-03-13,23.8,18.7,,,,,,,,
2018-03-14,23,17.8,31,,,,,,,
2018-03-15,19.4,13.2,30.8,19.1,,,,,,
2018-03-16,19.2,14.4,25,0,,,,,,
2018-03-17,22.5,18.8,,0,,,,,,
2018-03-18,22.2,,27,29,,,,,,
2018-03-19,19.1,12.2,,3,,,,,,
2018-03-20,20.3,15.1,26.7,0,,,,,,
2018-03-21,16.7,12.6,27,,,,,,,
2018-03-22,19.1,15.1,,,,,,,,
2018-03-23,23.2,17.7,,0,,,,,,
2018-03-24,20.4,15.1,30.3,11.9,,,,,,
2018-03-25,15.9,11,27.2,7.1,,,,,,
2018-03-26,14.6,8.3,20.9,0,,,,,,
2018-03-27,19.2,15.4,,,,,,,,
2018-03-28,21.7,18.2,,,,,,,,
2018-03-29,23.3,17.2,,,,,,,,
2018-03-30,24.4,18.3,30.6,,,,,,,
2018-03-31,24.6,19.1,31,,,,,,,
2018-04-01,22.6,21,32,,,,,,,
2018-04-02,20.7,18.3,25.4,,,,,,,
2018-04-03,20,14.3,25.3,,,,,,,
2018-04-04,21.6,16.8,,,,,,,,
2018-04-05,24.1,19,,,,,,,,
2018-04-06,18.9,,30.6,0,,,,,,
2018-04-07,17.9,16.2,,52.1,,,,,,
2018-04-08,19.7,16.8,,4.1,,,,,,
2018-04-09,22.1,18,,6.1,,,,,,
2018-04-10,25.8,21.8,,0,,,,,,
2018-04-11,26.7,23.2,,,,,,,,
2018-04-12,18.6,16.1,33.3,19.1,,,,,,
2018-04-13,14.9,9.8,20.2,0,,,,,,
2018-04-14,18.3,13.3,,,,,,,,
2018-04-15,20.2,17.4,,,,,,,,
2018-04-16,21.3,18.8,,,,,,,,
2018-04-17,22.9,19.6,25.9,,,,,,,
2018-04-18,24.2,20.4,,,,,,,,
2018-04-19,24.1,21.6,30.5,,,,,,,
2018-04-20,23.1,,29.2,5.1,,,,,,
2018-04-21,21.8,20,,21.1,,,,,,
2018-04-22,22.9,20.2,,0,,,,,,
2018-04-23,20.8,19.1,27.2,18,,,,,,
2018-04-24,19.5,17,22.1,0,,,,,,
2018-04-25,22.4,18.8,,0.5,,,,,,
2018-04-26,23.3,20.9,28.6,0,,,,,,
2018-04-27,25.8,22.4,,,,,,,,
2018-04-28,21.1,20,32.3,7.1,,,,,,
2018-04-29,19.9,18,22.8,108,,,,,,
2018-04-30,19.3,18.2,,22.1,,,,,,
2018-05-01,15.6,13.4,21.6,0,,,,,,
2018-05-02,17.4,14.4,18,2,,,,,,
2018-05-03,18.6,16.2,,11.9,,,,,,
2018-05-04,18.4,17.1,22.4,0,,,,,,
2018-05-05,18,16,,4.1,,,,,,
2018-05-06,19.6,17.4,,5.1,,,,,,
2018-05-07,20.7,18.6,22.6,0,,,,,,
2018-05-08,19.8,18.6,23.2,6.1,,,,,,
2018-05-09,19.3,18.4,,49,,,,,,
2018-05-10,18.6,17.1,21.2,0,,,,,,
2018-05-11,17.7,14.8,20,67.1,,,,,,
2018-05-12,16.1,10.9,,0,,,,,,
2018-05-13,15.4,11.2,23.1,,,,,,,
2018-05-14,18.3,13,,,,,,,,
2018-05-15,17.8,14.3,,,,,,,,
2018-05-16,12.4,9,21.5,,,,,,,
2018-05-17,11.5,9.8,17,0,,,,,,
2018-05-18,12.4,7.6,,5.1,,,,,,
2018-05-19,11.6,8.6,20.2,8.9,,,,,,
2018-05-20,11.9,7.1,,0,,,,,,
2018-05-21,13.8,8.7,,,,,,,,
2018-05-22,11.4,5.5,19.4,,,,,,,
2018-05-23,13,7.2,,,,,,,,
2018-05-24,14.7,10,,,,,,,,
2018-05-25,14.7,10.2,21.6,,,,,,,
2018-05-26,14.9,11.7,19.4,,,,,,,
2018-05-27,17.9,12.8,,,,,,,,
2018-05-28,20.3,16,,,,,,,,
2018-05-29,22.4,18.8,26,0.5,,,,,,
2018-05-30,17,,25.1,43.9,,,,,,
2018-05-31,11.8,10.4,17.5,4.1,,,,,,
2018-06-01,10.2,8,13.2,8.9,,,,,,
2018-06-02,8.6,5.2,12.9,0,,,,,,
2018-06-03,8.8,4.6,13,,,,,,,
2018-06-04,10,5.3,13.3,0.3,,,,,,
2018-06-05,9.4,6.4,,1,,,,,,
2018-06-06,10.8,6.5,,0,,,,,,
2018-06-07,10.7,7.9,17.4,,,,,,,
2018-06-08,9.7,5.1,,,,,,,,
2018-06-09,12.3,7.7,17,,,,,,,
2018-06-10,15.2,9.6,,,,,,,,
2018-06-11,13.4,12,17.6,,,,,,,
2018-06-12,11.4,,15,0,,,,,,
2018-06-13,8.1,6.7,13,5.1,,,,,,
2018-06-14,7.9,4.1,,0,,,,,,
2018-06-15,6.4,2.4,12.5,,,,,,,
2018-06-16,6.6,1.9,,,,,,,,
2018-06-17,9.7,3.9,,,,,,,,
2018-06-18,11.9,5.8,,,,,,,,
2018-06-19,13.1,8.2,19.1,,,,,,,
2018-06-20,13.9,9,19,,,,,,,
2018-06-21,15.6,11.2,19.2,0.3,,,,,,
2018-06-22,10.2,5.5,16.6,0,,,,,,
2018-06-23,12.5,8.4,16.9,0,,,,,,
2018-06-24,5.4,0,17.5,,,,,,,
2018-06-25,7.8,1.2,,,,,,,,
2018-06-26,10.4,5.1,,,,,,,,
2018-06-27,12.8,7.6,,,,,,,,
2018-06-28,12.2,7.7,21.1,,,,,,,
2018-06-29,14.5,9,,,,,,,,
2018-06-30,11.8,9.3,20.1,,,,,,,
2018-07-01,13.4,10.8,15.4,,,,,,,
2018-07-02,11.9,,16.9,0.3,,,,,,
2018-07-03,6.7,2.8,,0,,,,,,
2018-07-04,7.7,3.4,9.5,0,,,,,,
2018-07-05,9.7,7,,0,,,,,,
2018-07-06,10.1,9.2,11.2,,,,,,,
2018-07-07,11.1,9.8,12.2,10.9,,,,,,
2018-07-08,11.1,8.8,,7.1,,,,,,
2018-07-09,9.2,8,15.1,0,,,,,,
2018-07-10,7.8,4.6,10.6,0,,,,,,
2018-07-11,10.6,7.6,,0,,,,,,
2018-07-12,12.3,8.7,15.5,,,,,,,
2018-07-13,12.8,9.5,,,,,,,,
2018-07-14,15.6,10.4,,,,,,,,
2018-07-15,13.9,11,22.5,,,,,,,
2018-07-16,10.2,8.2,17.2,,,,,,,
2018-07-17,10.7,8,,,,,,,,
2018-07-18,12.6,11,,0.5,,,,,,
2018-07-19,13.1,12.2,14,16,,,,,,
2018-07-20,9,6.5,12.6,23.9,,,,,,
2018-07-21,8.4,3.9,15.1,0.5,,289,14.7,,1017.4,
2018-07-22,9.9,4.1,15.1,0,,325,9.8,,1019,
2018-07-23,7.6,3.4,12,,,195,9.7,,1030,
2018-07-24,5.6,1,11.7,,,126,7.7,,1034.6,
2018-07-25,9.8,3,11.5,,,111,15.5,,1030.3,
2018-07-26,11.8,9.8,13,43.9,,128,16.2,,1021.3,
2018-07-27,12.1,11.3,13.2,2,,112,8.1,,1019,
2018-07-28,12.2,11.5,12.8,2,,275,7.4,,1012.9,
2018-07-29,11.4,9,13.2,18,,253,15.5,,1011.4,
2018-07-30,10.2,5,17.2,0,,246,9,,1018.4,
2018-07-31,7.8,2.2,17.5,0,,153,6.5,,1026.7,
2018-08-01,8,3.4,13,,,27,6.9,,1025.8,
2018-08-02,8.2,3,12.2,,,63,7.9,,1024.9,
2018-08-03,10.7,6.4,12.8,,,108,7.7,,1020.7,
2018-08-04,11.7,8.5,16,0.5,,235,7.3,,1019.9,
2018-08-05,11.8,6.6,20,0,,327,6.9,,1018.5,
2018-08-06,14.5,9.4,20.2,,,351,11.9,,1018,
2018-08-07,15.3,11.5,19.5,,,11,14.2,,1013.3,
2018-08-08,13.4,8,19,11.9,,255,16.8,,1014.5,
2018-08-09,9.6,6.8,13.3,9.9,,184,17.5,,1023.4,
2018-08-10,9.2,5,13.4,0,,202,9,,1023.1,
2018-08-11,12.7,6.7,15.6,,,10,6.1,,1022.7,
2018-08-12,14.9,11.9,18.6,0,,34,10.4,,1020.7,
2018-08-13,14.7,12,18.6,,,49,8.6,,1015.4,
2018-08-14,13.7,9.7,17.2,5.1,,225,13.4,,1021.1,
2018-08-15,11.1,5.8,17,0,,107,5.8,,1026.9,
2018-08-16,13.2,8.3,17.3,,,13,10.7,,1025.7,
2018-08-17,15.2,11.8,19.6,,,16,11.4,,1021.1,
2018-08-18,17.9,10.5,24.3,,,332,15.2,,1016.8,
2018-08-19,9.7,7.2,25.2,10.9,,178,17.6,,1029.4,
2018-08-20,7.4,3,13,0,,200,11.4,,1032.1,
2018-08-21,7.8,2.4,13.1,0,,303,5.5,,1029,
2018-08-22,10.8,4.4,15.7,,,1,11.4,,1023.1,
2018-08-23,12.3,9.5,16.3,,,33,14.2,,1014.2,
2018-08-24,11.8,9.3,14.6,,,175,13.9,,1015.8,
2018-08-25,9.4,3.6,14.6,,,229,12.9,,1024.5,
2018-08-26,12.1,6,19.8,,,322,15.8,,1022.3,
2018-08-27,16.1,9.6,22.3,0,,340,16.4,,1018.2,
2018-08-28,16.7,11.6,22.6,,,359,12.5,,1016.3,
2018-08-29,17.9,10.9,24.7,,,41,7.7,,1011.8,
2018-08-30,14.8,8.1,25.5,0,,145,19,,1015.1,
2018-08-31,8.6,6,13.6,14,,142,21.3,,1023.7,
2018-09-01,10.3,7,15.4,0,,124,16.7,,1026.2,
2018-09-02,12.3,7.4,17.3,,,126,10.7,,1024.3,
2018-09-03,13.6,10,17.4,,,157,5.9,,1023.9,
2018-09-04,14.2,9.1,19.8,,,2,9.3,,1020.9,
2018-09-05,17.2,13,22.2,,,356,15.5,,1016.5,
2018-09-06,18.7,14,24.2,,,1,9.9,,1015.3,
2018-09-07,18.1,14.2,25,,,117,11.6,,1020,
2018-09-08,16.8,15,21.5,,,107,17.3,,1023.1,
2018-09-09,15.2,13.2,19.4,,,90,17.9,,1025.1,
2018-09-10,14.7,12.8,17.7,4.1,,87,16.8,,1025.5,
2018-09-11,16,13,20.4,0,,56,13.7,,1022.5,
2018-09-12,16.4,13.9,20.6,,,69,12.5,,1019.9,
2018-09-13,16.1,11.2,20.6,,,119,11.4,,1019,
2018-09-14,15.9,13.5,21.6,0,,113,10.8,,1017.8,
2018-09-15,16.2,14.9,19.6,0,,101,9.3,,1014.8,
2018-09-16,17.9,15.4,20.2,10.9,,62,7.8,,1014.1,
2018-09-17,17.5,14.1,22.3,,,95,6.6,,1013.4,
2018-09-18,21.2,16.6,22.7,,,31,12,,1008.2,
2018-09-19,16.8,11.6,23,27.9,,248,11.8,,1011.4,
2018-09-20,20.7,11,22.7,0,,352,9.5,,1015.9,
2018-09-21,21.4,16.6,28.4,,,353,11.2,,1011.1,
2018-09-22,24.3,18.6,30.2,,,20,12.9,,1005.1,
2018-09-23,21.6,18,31.8,,,114,13.3,,1009.8,
2018-09-24,18.9,11.8,24.1,,,125,10.5,,1018,
2018-09-25,19.1,16.4,22.9,,,81,13.3,,1016.1,
2018-09-26,20.2,17.9,22.7,,,116,15.4,,1014.7,
2018-09-27,17.2,14.7,23.6,0,,91,21.3,,1017,
2018-09-28,17.4,15,21.4,9.9,,47,16,,1012.7,
2018-09-29,19.9,16.6,22.1,7.9,,61,15.7,,1003.7,
2018-09-30,17.8,15,22.2,48,,122,13.3,,1007.7,
2018-10-01,14.3,12.2,20.5,2,,187,15.1,,1016.8,
2018-10-02,12.1,5,17.9,0,,299,7,,1018.6,
2018-10-03,16.9,10.4,23.4,,,276,9.6,,1019.1,
2018-10-04,16.4,9.7,23.7,,,228,8,,1023.1,
2018-10-05,14.8,9.9,21.4,,,114,8.8,,1025.1,
2018-10-06,15.9,11.5,21.2,,,35,11.6,,1019,
2018-10-07,19.6,15.2,24.4,,,18,10.9,,1013,
2018-10-08,23.1,18.2,28.6,,,359,12.8,,1006.9,
2018-10-09,21.1,15.3,29.4,7.1,,178,11.9,,1012.5,
2018-10-10,17.4,11.8,24,0,,172,13.4,,1022.2,
2018-10-11,13.9,12,22,,,92,13.1,,1025.1,
2018-10-12,13.4,10.4,16.2,4.1,,108,10.3,,1019.3,
2018-10-13,15.9,8.7,24.4,0,,225,7.5,,1019.7,
2018-10-14,19.9,13.9,25.9,,,316,12.6,,1016.9,
2018-10-15,21.1,14.9,28.6,,,329,14,,1011.4,
2018-10-16,23.9,17.6,27.1,,,16,12.1,,1008,
2018-10-17,23.3,18,28.7,,,75,9.2,,1008.4,
2018-10-18,21.5,17,28.7,2,,120,17.1,,1015.9,
2018-10-19,17.1,13.2,23.4,0,,118,19.6,,1024.5,
2018-10-20,15.8,13.5,21.3,3,,70,16.2,,1023.2,
2018-10-21,17.1,13.3,20,2,,48,12,,1017.4,
2018-10-22,18.2,12.6,23.8,1,,165,10,,1016.1,
2018-10-23,17,11.4,19,0,,112,17.3,,1023.2,
2018-10-24,13.7,12.9,19.1,1,,84,15.8,,1021.7,
2018-10-25,16.9,12.2,20.1,4.1,,123,10.5,,1019.1,
2018-10-26,17.4,13.8,21.7,0,,126,11.4,,1018,
2018-10-27,17.4,12.2,22.1,0,,108,8.9,,1017.3,
2018-10-28,19.3,13.4,24.4,,,52,8.4,,1016.5,
2018-10-29,22.2,18.5,26.4,,,21,12.2,,1011.9,
2018-10-30,20.2,17.4,27.1,2,,18,11.4,,1010.4,
2018-10-31,17.8,14,19.8,6.1,,181,14,,1014.9,
2018-11-01,13.8,8.8,20.6,0,,119,12.5,,1019.8,
2018-11-02,15.9,12.4,19.5,,,62,15.8,,1011.5,
2018-11-03,20,13.8,26.3,0.5,,91,8.7,,1011.9,
2018-11-04,22.1,15.5,27.4,0,,28,9.5,,1014,
2018-11-05,23.1,19.6,27.5,,,37,11.5,,1014.4,
2018-11-06,22.6,17,26.9,,,128,13.6,,1020.7,
2018-11-07,19,13.4,26.9,,,93,15.1,,1025.7,
2018-11-08,21.7,16.5,27.4,,,28,16,,1017.6,
2018-11-09,27,19.4,32.5,,,2,13.5,,1010.1,
2018-11-10,22.9,17.6,32.8,41.9,,51,12.8,,1006.7,
2018-11-11,22.3,17.4,25.8,82,,81,15.5,,1007.9,
2018-11-12,24.4,21.7,28.1,0,,54,14.8,,1006.5,
2018-11-13,23.3,21.1,28.4,34,,240,12.6,,1002.4,
2018-11-14,21.4,16.2,26.7,0,,262,18.1,,1004.4,
2018-11-15,23.9,18,30.2,,,247,13.4,,1009.6,
2018-11-16,17.1,11.4,30.7,9.9,,103,18,,1018.3,
2018-11-17,19.9,16,23.4,0,,331,16.8,,1008.7,
2018-11-18,19.5,13.2,24.9,5.1,,240,12.1,,1015.5,
2018-11-19,21.9,15.8,28.3,0,,323,13,,1015.7,
2018-11-20,24.9,18.2,30.2,,,339,15.2,,1013.6,
2018-11-21,27.6,21.3,34.2,,,346,15.7,,1010,
2018-11-22,25.7,16.7,34.6,,,34,15.4,,1010,
2018-11-23,17.1,12.7,31.2,3,,140,19.8,,1016,
2018-11-24,18.8,13,24.4,0,,163,13,,1015.1,
2018-11-25,19.3,11.5,25.6,,,85,7.4,,1016.5,
2018-11-26,22.9,18.9,26.9,,,28,10,,1018.7,
2018-11-27,22.3,20.9,27,,,64,14.7,,1018.1,
2018-11-28,21.7,19.2,23.6,0,,100,17,,1016.5,
2018-11-29,20.2,17.6,24,0,,125,13.9,,1014.4,
2018-11-30,21.6,18.1,24.9,0,,114,8.4,,1010.7,
2018-12-01,18,13.5,26,13,,169,20.9,,1017.3,
2018-12-02,15.2,9.2,20.5,0,,174,10.7,,1021.2,
2018-12-03,20.1,13.5,28.1,,,281,14.5,,1011.6,
2018-12-04,20.4,14.2,28.3,,,135,12.1,,1007.4,
2018-12-05,19.3,13.9,24.4,,,137,11.9,,1015,
2018-12-06,17.9,13.7,25,,,128,14.5,,1023.5,
2018-12-07,17.1,10.5,22.2,,,86,9.4,,1024.2,
2018-12-08,21.1,16,26.8,,,0,12.3,,1017.1,
2018-12-09,23.6,19.6,28.8,,,330,13.4,,1012,
2018-12-10,22.7,15.6,29.7,6.1,,341,8.8,,1013.3,
2018-12-11,23.6,21,30,3,,342,13.8,,1009.9,
2018-12-12,24.4,19.6,30.1,11.9,,150,9.9,,1013.2,
2018-12-13,19.9,15.8,30.5,0.8,,70,21.6,,1010.2,
2018-12-14,20.4,15.2,25.7,101.1,,234,13.3,,1007,
2018-12-15,21.4,14.3,26.7,0,,315,9.2,,1016.7,
2018-12-16,25.2,19.4,31.5,,,351,12.1,,1012.3,
2018-12-17,23.3,19,31.6,80,,136,15.3,,1011.5,
2018-12-18,19.2,15,24.3,0,,107,15.7,,1018.9,
2018-12-19,21.7,18,26.2,0.5,,52,11.2,,1013.1,
2018-12-20,24.5,21,27,0,,53,9.5,,1008,
2018-12-21,23.3,19.6,27.6,55.9,,232,12.2,,1006.9,
2018-12-22,23.3,17.8,28,0,,153,9,,1011.1,
2018-12-23,24.9,19.8,29.3,,,11,9,,1014.5,
2018-12-24,26.9,22,30.8,,,17,10.3,,1014.9,
2018-12-25,26.7,22.5,30.8,,,37,12.8,,1012.4,
2018-12-26,27.9,24,31.5,,,59,12.4,,1010.2,
2018-12-27,27.7,24,31.7,,,31,11.6,,1006.4,
2018-12-28,26.8,23.3,31.6,,,111,13.4,,1008.3,
2018-12-29,26.1,20.5,30.7,23.9,,48,12.7,,1005.8,
2018-12-30,24.2,18.9,30.2,31,,183,14.1,,1009.2,
2018-12-31,23.4,19.6,27.6,0,,69,13.1,,1012.8,
2019-01-01,26.6,23.4,31.2,,,38,12.5,,1009.3,
2019-01-02,27.4,23.1,32.7,2,,302,11.2,,1005.4,
2019-01-03,22.1,17,32.1,8.9,,139,13.4,,1011.9,
2019-01-04,23.1,17.8,28.9,0,,357,10.1,,1013.9,
2019-01-05,25.9,21.2,29.7,,,29,12.8,,1012.1,
2019-01-06,25.4,22.2,30.1,1,,20,12,,1006.2,
2019-01-07,24.3,20.8,28.2,4.1,,192,9.9,,1000.7,
2019-01-08,26.8,22.1,30.7,0,,340,11.1,,1007,
2019-01-09,27.5,21.5,31,0,,140,10.5,,1006.6,
2019-01-10,22.2,19.6,29.9,0,,143,17.1,,1014.3,
2019-01-11,19.4,12.5,23.8,0.5,,108,11.5,,1019.7,
2019-01-12,23.9,20.2,28,0,,43,12.9,,1015.5,
2019-01-13,24.2,22.9,28.3,0,,81,10.8,,1013.8,
2019-01-14,24.2,20.3,27.8,4.1,,124,11.2,,1013.2,
2019-01-15,22.9,20,27.8,5.1,,116,10.8,,1010.5,
2019-01-16,23.2,18.9,29.3,39.1,,299,7.5,,1009.9,
2019-01-17,22.6,18.2,29.6,0,,137,18.5,,1018.5,
2019-01-18,18.7,13.7,24.1,4.1,,130,15.6,,1021.4,
2019-01-19,20.8,14.6,25,0.5,,96,10.8,,1022.2,
2019-01-20,22.7,19.4,26,0,,42,13.7,,1018,
2019-01-21,25.4,20.6,30.5,,,339,12,,1012.9,
2019-01-22,28.4,23.6,32.9,,,331,12.3,,1010.7,
2019-01-23,27.4,23,33.4,,,87,16.1,,1014,
2019-01-24,26.2,23.2,30.4,,,58,15.9,,1015.7,
2019-01-25,24.3,22.5,31,0,,39,15.7,,1012.7,
2019-01-26,26.5,22,31.8,26.9,,79,9.2,,1012.6,
2019-01-27,27.8,24.8,32.5,0,,85,11.4,,1012,
2019-01-28,30.3,26.6,36,,,338,10.6,,1009,
2019-01-29,31.9,26.8,36.7,,,332,13.7,,1007.6,
2019-01-30,26.9,23.2,37.1,39.1,,284,12,,1007.8,
2019-01-31,25.3,18.2,31.4,0,,105,12.7,,1012,
2019-02-01,28.3,22.2,32.2,,,219,8.9,,1011.7,
2019-02-02,25.3,20.8,32.2,,,145,18.4,,1019.9,
2019-02-03,20.1,14.3,26.6,,,120,14.1,,1025.5,
2019-02-04,21.9,18.2,25.2,,,81,8,,1023.2,
2019-02-05,23.4,17.9,27.1,,,50,9.2,,1019.9,
2019-02-06,25.1,19.2,29,,,29,11.4,,1014.5,
2019-02-07,26.7,22.1,30.6,,,24,11.4,,1009.6,
2019-02-08,28.3,23.5,32.7,,,331,11.1,,1008.5,
2019-02-09,28.6,24,35.2,,,42,7.9,,1007.9,
2019-02-10,28.4,21.8,35.5,,,334,8.7,,1004.1,
2019-02-11,25.1,19.5,35.3,,,146,16.2,,1009,
2019-02-12,18.1,12.2,25.5,,,156,14.9,,1025,
2019-02-13,20.1,15.6,23.7,,,34,8.9,,1020.9,
2019-02-14,20.5,16.6,24.1,,,49,7.5,,1016.6,
2019-02-15,21.3,15.2,27.5,,,55,6,,1015.9,
2019-02-16,23.7,16.9,29,,,24,6.6,,1016.2,
2019-02-17,26.2,22.2,30.5,,,32,10.8,,1013.9,
2019-02-18,26.9,23,31.2,,,359,11.8,,1009.4,
2019-02-19,29.5,23.5,35.6,,,306,10.9,,1006.7,
2019-02-20,31.3,26.6,36,,,324,10.1,,1007.1,
2019-02-21,30.7,24.5,36.6,,,14,9.9,,1009.9,
2019-02-22,28.8,26.2,34,,,321,6.5,,1009.2,
2019-02-23,24.6,22.5,27.8,22.4,,58,4.2,,1005.7,
2019-02-24,21.8,17.7,26.7,,,103,6.6,,1006.7,
2019-02-25,19.1,13.3,24.5,,,154,9.9,,1013.8,
2019-02-26,17.8,11,23.6,,,197,6.9,,1017.8,
2019-02-27,19.8,14.7,27.2,,,286,8.5,,1015.5,
2019-02-28,20.3,14.3,27.5,,,31,6.1,,1014.6,
2019-03-01,24.1,17.6,31.2,,,307,12.3,,1009.5,
2019-03-02,23.3,16.6,31.3,,,154,8.4,,1013.4,
2019-03-03,22.4,18.6,26.8,,,11,9.8,,1013.5,
2019-03-04,22.5,19.7,26.4,,,322,5.1,,1008.8,
2019-03-05,22.3,17.4,27,,,30,4.5,,1014.5,
2019-03-06,26.1,20,32.7,,,336,5.7,,1011.1,
2019-03-07,28.1,20.7,32.7,,,329,8.2,,1006.8,
2019-03-08,20.3,16.7,32.5,,,122,13.3,,1018.2,
2019-03-09,17,10.7,23.2,,,113,10.9,,1026.9,
2019-03-10,19.7,13.9,23.5,,,74,8.1,,1025.7,
2019-03-11,21.1,18,24.2,,,13,10.4,,1019.8,
2019-03-12,20.5,18.9,24.5,,,86,6.2,,1012.8,
2019-03-13,19.1,17.5,23.6,,,168,10.5,,1012.1,
2019-03-14,20.7,15.8,26.2,,,113,5.9,,1014.6,
2019-03-15,22,17.2,26.7,0,,87,8.6,,1016.8,
2019-03-16,23.5,21.6,26.2,,,54,8.7,,1015.9,
2019-03-17,24.2,21.5,27.7,,,22,7,,1011.4,
2019-03-18,24.7,20,30.1,,,220,4.9,,1008.4,
2019-03-19,18.6,16,30.3,,,105,9.4,,1016.3,
2019-03-20,16.6,11.8,21.5,,,146,9.5,,1022.9,
2019-03-21,15.4,10.9,21.5,,,76,5.5,,1022.6,
2019-03-22,18.4,13.8,22.5,,,352,5.9,,1019.7,
2019-03-23,19.4,13.7,25.5,,,338,7,,1015.8,
2019-03-24,20.1,15.9,25.6,,,196,10.2,,1015.4,
2019-03-25,16.3,10.5,23.2,,,149,9.8,,1020.2,
2019-03-26,17.3,12,21.9,,,94,7.7,,1024.9,
2019-03-27,17.8,12.2,22.5,,,76,7.1,,1028,
2019-03-28,20.6,16.9,25.2,,,19,10,,1025.9,
2019-03-29,22.2,19.8,26.6,,,12,8.8,,1019.4,
2019-03-30,24.5,19.6,29.7,,,359,2.7,,1015.3,
2019-03-31,24.4,19.7,29.9,,,30,4.7,,1015.6,
2019-04-01,23.6,21.3,29.2,,,31,4.8,,1014.6,
2019-04-02,26,22,32.5,,,323,7,,1010.6,
2019-04-03,21.5,17,32.7,,,70,9.5,,1011.3,
2019-04-04,21.6,19,29.2,,,263,10.7,,1003.5,
2019-04-05,17.5,13,29.4,,10,147,11.1,,1017.7,
2019-04-06,17,11.5,22.4,,,338,5.3,,1021.3,
2019-04-07,18.8,11.9,25.7,,,296,5.7,,1019.8,
2019-04-08,20.7,14.1,27.6,,,328,4,,1019.2,
2019-04-09,22,15.5,27.8,,,357,5.7,,1016.9,
2019-04-10,23.1,18.8,27.7,,,338,6.7,,1013.9,
2019-04-11,17.9,14,27.3,,10,151,7.8,,1017,
2019-04-12,15.4,9.6,20.7,,,350,5,,1016.9,
2019-04-13,19.8,14.1,25.5,,,329,8.2,,1012.2,
2019-04-14,22,17,28.7,,,297,5.7,,1013,
2019-04-15,19,16.7,28.8,,,97,9.4,,1021.9,
2019-04-16,17.1,11.3,22.6,,,37,5.2,,1021.8,
2019-04-17,20.1,14.4,24.6,,,316,8.3,,1015.8,
2019-04-18,20.7,16.5,26,,,321,6,,1012.7,
2019-04-19,22.6,17.3,29.2,,,280,5.5,,1010.2,
2019-04-20,20.4,14.6,29.5,,,95,8.9,,1014.1,
2019-04-21,16.5,11.3,23.6,,,64,3.7,,1017.7,
2019-04-22,15.9,12,21.7,,,75,4.3,,1020.7,
2019-04-23,16.7,14,21.9,,,36,5.5,,1022.8,
2019-04-24,16.7,12.7,20,,,92,7.3,,1023.2,
2019-04-25,18.7,16,20.6,,,61,14.2,,1022.8,
2019-04-26,17.8,16,20.6,,10,64,10.4,,1017.8,
2019-04-27,18.2,15.7,20.5,11.9,20,139,5.8,,1012.3,
2019-04-28,19.2,16.4,23.7,,,295,4.9,,1012.3,
2019-04-29,19,14.4,24.7,,,253,6.6,,1012.7,
2019-04-30,15.1,10.6,24.8,,,91,6.7,,1020.1,
2019-05-01,14.8,8.7,21.2,,,325,8.2,,1016.7,
2019-05-02,19.1,13.8,24.5,,,299,9.9,,1006.8,
2019-05-03,20.6,16.5,26.7,,,262,5.1,,1009.9,
2019-05-04,19.1,17.2,27.2,,,53,10.4,,1014.6,
2019-05-05,19.1,18.1,21,,,109,9.1,,1013.3,
2019-05-06,16.9,13.2,21,,20,111,7.3,,1021.6,
2019-05-07,15,11,21.3,,,69,7.7,,1022.4,
2019-05-08,17.1,13.6,20,,,44,8.9,,1020.4,
2019-05-09,17.4,15.2,20.2,,,36,8.8,,1010.5,
2019-05-10,16.6,14.5,19.9,,20,221,11.9,,1008.3,
2019-05-11,14.9,10.4,20.7,,,215,7,,1015.3,
2019-05-12,16,11,23.7,,,289,6.2,,1019.2,
2019-05-13,18,12,24.5,,,180,8.2,,1023.5,
2019-05-14,13.4,8.4,24.6,,,92,8.1,,1029.6,
2019-05-15,16.1,11,19.7,,,352,5.7,,1027.4,
2019-05-16,15.9,11.2,23,,,348,7,,1023.9,
2019-05-17,19.6,13.2,23.3,,,338,13.4,,1017.6,
2019-05-18,20.6,17,25.2,,,328,7.8,,1015.6,
2019-05-19,15.8,13.2,25.2,,10,120,6.7,,1018.1,
2019-05-20,13.9,10.2,17.5,,,84,12.9,,1017.9,
2019-05-21,14.6,12.4,17.7,,20,125,11.7,,1020.3,
2019-05-22,13.4,9.4,18.2,,,134,7.8,,1022.8,
2019-05-23,12.3,6.3,18.2,,,249,2.7,,1020.6,
2019-05-24,13.3,7.2,21.1,,,281,4.7,,1016.3,
2019-05-25,14.8,10.8,21.1,,,300,7.3,,1014.4,
2019-05-26,16,12.9,19.5,,,327,7.6,,1011.9,
2019-05-27,15.6,13.5,19.4,,,74,2.8,,1012.3,
2019-05-28,14.7,10.4,18.8,,,114,3.3,,1015.5,
2019-05-29,11.4,7.7,18.2,,,100,4.8,,1020.1,
2019-05-30,11.8,8.5,13.7,,,78,9.4,,1019.7,
2019-05-31,13.1,10.4,17,,,86,5.6,,1018.5,
2019-06-01,15,10.8,19.2,,,322,5.1,,1018,
2019-06-02,15.1,8.7,20.6,,,294,3.2,,1021.4,
2019-06-03,15.8,10,21.5,,,280,3.8,,1024.7,
2019-06-04,15.1,11.2,21.4,,,344,10.3,,1024.3,
2019-06-05,16,12.9,19.6,,,329,13.4,,1017,
2019-06-06,17,13.8,20.5,,,315,7.9,,1012,
2019-06-07,15.9,11.6,20.4,,,173,7.2,,1017,
2019-06-08,13.4,8.2,20.6,,,294,4.5,,1020,
2019-06-09,14.8,9.2,20.6,,,335,6.8,,1017,
2019-06-10,17.3,12.8,19.9,,,270,4.3,,1015.6,
2019-06-11,15.2,12.6,17.9,,,75,10.2,,1016.4,
2019-06-12,19,14.8,21.7,,,327,6.2,,1010.1,
2019-06-13,17.7,15.5,21.9,,,52,8.6,,1011.2,
2019-06-14,16.1,13.2,19.6,,10,195,8.1,,1014.7,
2019-06-15,12.8,11,15.8,,10,115,14.8,,1019,
2019-06-16,15.7,11.5,17.5,44.2,51,74,12.1,,1020.1,
2019-06-17,16.2,13.6,17.5,22.1,30,355,4.3,,1018.4,
2019-06-18,12.5,10.5,17.4,,71,269,9.7,,1011.4,
2019-06-19,13.7,11.1,18.1,,,240,9.6,,1014.5,
2019-06-20,11.7,5.5,18.1,,,325,5.2,,1022.1,
2019-06-21,13.7,7.2,16.4,,,336,6.7,,1019.9,
2019-06-22,16.7,13.4,20.2,,,5,2.8,,1018.7,
2019-06-23,17.9,14.7,21.2,,,314,3.9,,1011.8,
2019-06-24,13.9,10.2,21.5,,,80,7.1,,1006.5,
2019-06-25,11.7,7.9,15.2,,10,170,13.4,,1009.4,
2019-06-26,9,4.4,14.5,,,250,8.3,,1014.9,
2019-06-27,11.3,6.7,15.1,,,332,13.1,,1012.6,
2019-06-28,13.4,8.3,15.3,,,22,6.5,,1009.2,
2019-06-29,13.2,11.7,14.7,,,115,5.4,,1009.2,
2019-06-30,10.4,8.8,14,,,210,8.7,,1017.9,
2019-07-01,8.2,2.2,13.6,,,274,8.2,,1018.6,
2019-07-02,10.8,4.8,15.6,,,263,9.6,,1007.4,
2019-07-03,8.4,4.1,15.6,,,225,9.8,,1012.9,
2019-07-04,7.3,3.9,11.9,,,194,10.4,,1020,
2019-07-05,5.9,1.2,11,,,191,10.7,,1028.2,
2019-07-06,6.2,0.2,12.1,,,273,3.3,,1030,
2019-07-07,7.9,1.2,13.1,,,303,7.3,,1027,
2019-07-08,10.4,5.3,14.2,,,339,7.4,,1023,
2019-07-09,12.8,7,16.7,,,3,4.5,,1021.2,
2019-07-10,13.4,10.2,16.9,,,31,3.4,,1017.5,
2019-07-11,12.9,8.4,18.1,,,80,5.7,,1014,
2019-07-12,14.6,10.6,19.4,44.2,41,141,6.5,,1013.7,
2019-07-13,10.2,6.1,17.4,,,133,4.3,,1018.8,
2019-07-14,9.1,4.4,14,,,31,3.5,,1020.3,
2019-07-15,12.1,5.5,17.6,,,140,2.9,,1021.6,
2019-07-16,10.3,4.6,17.6,,,342,5.2,,1024.4,
2019-07-17,13,5.8,17.5,,,332,13,,1022.4,
2019-07-18,14,10.7,17.5,,,336,5.7,,1020.4,
2019-07-19,14.6,9.9,19.7,,,11,4.5,,1018,
2019-07-20,16.1,11.1,19.8,,,340,8.4,,1011.6,
2019-07-21,21.4,12.7,27.6,,,316,15.6,,1002.5,
2019-07-22,12.8,9.4,27.6,,10,137,10.2,,1017.8,
2019-07-23,10.3,8,16.3,,,135,7.8,,1025.8,
2019-07-24,10.3,4.4,15,,,119,6.4,,1029.6,
2019-07-25,10.4,7,15,,,80,8,,1025.5,
2019-07-26,12.3,9.5,14,19.8,20,154,6.2,,1018.8,
2019-07-27,12.7,6.2,17.7,,,256,4,,1027,
2019-07-28,12.2,8,18,,,21,7.4,,1024.6,
2019-07-29,13.1,9.5,15.6,,,2,2.1,,1019,
2019-07-30,12.4,7.5,18.2,,,307,6.3,,1017.9,
2019-07-31,15.1,8.7,20.5,,,295,9.9,,1010.7,
2019-08-01,14.1,12,20.5,,,215,11.8,,1012.6,
2019-08-02,11.3,6.5,16.8,,,200,13.8,,1023.2,
2019-08-03,11.1,5.6,17.1,,,196,6.5,,1028,
2019-08-04,12.3,7.6,18,,,312,11.7,,1028.8,
2019-08-05,13.9,9.7,19,,,325,13,,1023.1,
2019-08-06,16.3,10.3,22.7,,,322,10.8,,1015.6,
2019-08-07,13.7,10.9,22.8,,,68,9.4,,1020.8,
2019-08-08,11.8,10.2,16.8,,,89,10.9,,1026.5,
2019-08-09,9.4,7.3,15,,10,126,8.6,,1021.4,
2019-08-10,10.3,3.4,17.5,,10,277,7.6,,1019.2,
2019-08-11,12.7,7.3,18,,,327,8.2,,1017,
2019-08-12,11.9,9,18.1,,,190,10.5,,1021.3,
2019-08-13,7.2,2,13.7,,,154,7.9,,1034.6,
2019-08-14,6.6,1,11.3,,,337,10.5,,1033.1,
2019-08-15,11.3,5.3,16.5,,,334,6.9,,1024,
2019-08-16,15,10,20.7,,,0,4.5,,1014.5,
2019-08-17,14.7,11.7,21,,10,110,5.8,,1010.3,
2019-08-18,10.4,7,17.2,,20,106,11.7,,1024.9,
2019-08-19,6.4,2.2,13,,,94,7.1,,1030.6,
2019-08-20,8.2,4,11.7,,,84,7.8,,1031.4,
2019-08-21,9.6,7.1,12.5,,,43,9.6,,1029.9,
2019-08-22,11.3,8.6,15.6,,,13,4.4,,1028.6,
2019-08-23,11.6,6.2,17.6,,,2,4.1,,1026.1,
2019-08-24,13.8,9.9,17.8,,,334,8.7,,1023.4,
2019-08-25,15.1,11.5,18,,,19,7.2,,1020.3,
2019-08-26,17.6,13.2,23.2,,,341,4.5,,1018.4,
2019-08-27,18.3,12.6,23.5,,,10,6.6,,1021.7,
2019-08-28,20.6,16.5,26,,,327,13.1,,1012.6,
2019-08-29,21.2,15,26,,,157,7.8,,1009.9,
2019-08-30,14.2,10,22.5,,,102,5.8,,1016.8,
2019-08-31,12.8,7.3,19.1,,,191,5.3,,1019.4,
2019-09-01,11.3,7,19.8,,,203,7.3,,1020.5,
2019-09-02,10.5,6,16.1,,,248,7.4,,1018.9,
2019-09-03,8.4,2.4,16.5,,,203,7.7,,1024.2,
2019-09-04,8.9,3.5,14.2,,,144,7.7,,1029.9,
2019-09-05,9.4,6,13.6,,,56,10.5,,1031.6,
2019-09-06,11.9,8,16.2,,,49,11.6,,1022,
2019-09-07,14.8,11.4,18.6,,,122,6.4,,1014.9,
2019-09-08,13.9,11,18.8,,,63,4.5,,1013.8,
2019-09-09,13.6,12.3,19,,,119,10.5,,1010.1,
2019-09-10,13.5,11,17.1,,20,110,7.1,,1019.2,
2019-09-11,13.7,10.6,18.2,,,94,6.8,,1019.1,
2019-09-12,13.3,7.6,19,,,227,6.4,,1021.3,
2019-09-13,14.4,9,19.8,,,4,5.5,,1023.2,
2019-09-14,15.5,11.6,20.2,,,358,10.4,,1016.3,
2019-09-15,17.5,12.8,23,,,8,7.5,,1009.8,
2019-09-16,16.1,12.5,23.2,,,161,9.7,,1018.2,
2019-09-17,16,8.7,24.2,,,265,9,,1012.8,
2019-09-18,16.5,9.5,24.5,,,25,6.8,,1009.1,
2019-09-19,17.1,9.6,21.4,,,218,10.5,,1008.2,
2019-09-20,13.8,6.4,21.2,,,252,5.2,,1019.2,
2019-09-21,16.7,10.4,24.6,,,267,7.6,,1020.2,
2019-09-22,14.9,9.5,25,,,58,9.4,,1029.1,
2019-09-23,15.1,10.8,19.2,,,357,10.6,,1025.8,
2019-09-24,18.6,11.5,26.2,,,320,6.5,,1022.3,
2019-09-25,22.4,14.2,31,,,247,6,,1019.6,
2019-09-26,20.4,13,30.9,,,49,8.3,,1021.6,
2019-09-27,16.3,13.7,27.4,,,56,12.2,,1022.6,
2019-09-28,17.3,13.2,22.1,,,352,11.7,,1017.8,
2019-09-29,20.9,14.4,27.5,,,345,10.4,,1010.6,
2019-09-30,22.4,19,27.5,,,15,13,,1002,
2019-10-01,14.5,10.6,27.2,,51,128,13.5,,1007.7,
2019-10-02,14,11.2,16.9,,,123,17.7,,1019.2,
2019-10-03,11.3,6.3,17.3,,,108,15.9,,1026.2,
2019-10-04,13.8,10.8,15,,,79,9.1,,1019.4,
2019-10-05,15.4,10,20.2,,,162,7.7,,1020.6,
2019-10-06,16.1,11,20.7,,,321,11.2,,1021,
2019-10-07,19.2,13,26,,,271,9.5,,1014.4,
2019-10-08,19.4,11,27.2,,,252,4.2,,1017.1,
2019-10-09,20.6,14,28,,,308,6.9,,1015,
2019-10-10,22.3,17,28.2,,10,333,9.1,,1009.8,
2019-10-11,21.5,18,27,,20,18,8.1,,1007.8,
2019-10-12,18.9,16,23.1,,61,61,11.9,,1007.5,
2019-10-13,18,11.5,20.2,,30,110,11.8,,1016.6,
2019-10-14,11.3,8.2,19.3,,,101,15.9,,1029.8,
2019-10-15,11.4,8.6,14.2,,,85,10.9,,1029.4,
2019-10-16,14.2,11.1,16.6,11.9,10,56,13,,1023.1,
2019-10-17,16.9,13.4,19,,,20,12.2,,1015,
2019-10-18,18.3,12.2,24.7,,41,206,8.6,,1018.6,
2019-10-19,17.7,10,24.7,,,40,5.9,,1023.2,
2019-10-20,15.6,13.9,24.3,,,46,9.1,,1020.2,
2019-10-21,15.6,13.2,18.7,,,26,4.2,,1017.1,
2019-10-22,17.1,12,23,,,235,7.3,,1015.7,
2019-10-23,17.4,10.5,23.1,,,212,9.3,,1015.4,
2019-10-24,19,9.5,26.5,,,131,5.1,,1014.9,
2019-10-25,23.3,16.4,30.2,,,284,6.3,,1015,
2019-10-26,25,20.2,30.2,,,325,10.5,,1009.6,
2019-10-27,23.2,19.3,30.2,,,55,9.3,,1007.4,
2019-10-28,20.8,15.5,27.3,,10,93,8.1,,1005,
2019-10-29,17.1,13,22.8,,,103,11.8,,1009.1,
2019-10-30,18.6,15,22.7,,,106,10.5,,1014.2,
2019-10-31,19.2,13.2,24,,,66,9.1,,1019.8,
2019-11-01,19.7,16.4,24.2,,,11,13.4,,1014.4,
2019-11-02,23.1,18.2,28,,,148,9.4,,1011.4,
2019-11-03,19.3,12.2,28.3,,,38,9.6,,1011.6,
2019-11-04,20.9,18.5,24.5,,,22,6,,1005.7,
2019-11-05,20.6,14.2,25.6,,,63,5.6,,1014.3,
2019-11-06,21.7,17,27.2,,,320,7.8,,1015.2,
2019-11-07,22.8,17.8,30.2,,,293,13.1,,1012.7,
2019-11-08,19.7,14.5,31.6,,,68,12.7,,1014.7,
2019-11-09,21.1,17.7,25.2,,,67,12.1,,1016.6,
2019-11-10,20.9,16,25.6,,,59,10.5,,1020.6,
2019-11-11,21.1,18,24.7,,,25,10.2,,1019.7,
2019-11-12,22.8,18.6,28,,,11,10.5,,1013.4,
2019-11-13,26.1,20,32,,,91,5,,1008,
2019-11-14,25.2,19.4,32.4,,,91,7.7,,1010.7,
2019-11-15,24.7,19.9,30,,,347,8.2,,1012.8,
2019-11-16,22.7,19.4,29.4,,,317,9.9,,1010.4,
2019-11-17,25,17.8,31.5,,,313,6.2,,1010.1,
2019-11-18,26.5,21.7,33.2,,,333,4.4,,1013.4,
2019-11-19,25.4,19.3,33.9,,,53,6.3,,1015,
2019-11-20,28.6,23.8,34.6,,,4,7,,1012.3,
2019-11-21,27.4,21.4,34.8,,,52,10.2,,1011.5,
2019-11-22,22.2,19.4,32.5,,,98,13.5,,1015.6,
2019-11-23,18.6,12,24.7,,,87,13.4,,1021.9,
2019-11-24,21,16.6,25.6,,,15,16.8,,1016.3,
2019-11-25,19.7,16.9,25.9,,,54,10.3,,1010,
2019-11-26,21.1,17.3,25,,,164,7.6,,1009.6,
2019-11-27,22.1,12.6,28.5,,,203,6.3,,1013.5,
2019-11-28,23.6,14.6,30,,,320,8.3,,1012,
2019-11-29,24.8,20.4,31.1,,,309,8.2,,1006.4,
2019-11-30,23.1,15.8,30.6,,,218,8.4,,1009.9,
2019-12-01,21,13.5,29.3,,,126,8.7,,1019.6,
2019-12-02,21.3,13.4,26.7,,,1,8.1,,1017.6,
2019-12-03,21.2,18.2,27,,,314,8.6,,1010.9,
2019-12-04,20.6,16.7,24.7,,,126,5.8,,1011.2,
2019-12-05,18.6,11.6,25.5,,,194,7.9,,1013.1,
2019-12-06,24.1,16.7,31,,,129,8.5,,1010.4,
2019-12-07,22.3,13,31,,,30,6,,1014.8,
2019-12-08,25.7,19.4,33.2,,,315,10.2,,1010.6,
2019-12-09,27.7,20.2,36.2,,,299,7.7,,1010,
2019-12-10,30.9,23.5,37.7,,,277,6.6,,1008.1,
2019-12-11,30.6,24.5,37.9,,,298,9.7,,1004.8,
2019-12-12,23.4,20.2,36.3,,,197,15.1,,1008.9,
2019-12-13,19.6,12,26.4,,,25,7.5,,1015.6,
2019-12-14,24.4,18,30,,,352,7.8,,1012.5,
2019-12-15,21.7,19.1,30.5,,,99,7,,1008,
2019-12-16,22.1,14.4,27.7,,,352,6.6,,1009.8,
2019-12-17,23.6,17.4,28.4,,,36,7.9,,1013.1,
2019-12-18,26.4,21.5,32,,,337,13.2,,1012.4,
2019-12-19,28,22.5,32.5,,,351,9.6,,1011,
2019-12-20,23.4,18.5,32.6,,,94,9,,1008.8,
2019-12-21,18.9,13.4,26.7,,,156,12,,1011.1,
2019-12-22,19.1,10.6,27,,,134,7.5,,1015.9,
2019-12-23,23.7,16.3,30.2,,,50,8.2,,1012.6,
2019-12-24,26.9,20.5,33.2,,,314,14.6,,1005.7,
2019-12-25,22.7,15.5,33.3,,,114,10.6,,1014.1,
2019-12-26,20.9,15.3,27.2,,,74,8,,1014.7,
2019-12-27,26.2,20.4,33.2,,,13,8.4,,1012.3,
2019-12-28,27.3,25,33.3,,,5,7.5,,1010.5,
2019-12-29,28.1,22.4,34.2,,,54,4.1,,1011.9,
2019-12-30,24.6,22.7,34.3,,,90,7.3,,1009.5,
2019-12-31,24.8,21.4,27.7,,,148,10.7,,1007.3,
